year,mother_nationality,father_nationality,birth_count
2017,AMERICAN,AMERICAN,145
2017,AUSTRALIAN,AMERICAN,5
2017,BRITISH,AMERICAN,3
2017,"INDIAN,PAKISTANI,BANGLADESHI & SRI LANKAN",AMERICAN,3
2017,INDONESIAN,AMERICAN,8
2017,JAPANESE,AMERICAN,10
2017,MALAYSIAN,AMERICAN,13
2017,OTHER ASEAN COUNTRIES,AMERICAN,24
2017,OTHERS,AMERICAN,27
2017,PRC NATIONAL,AMERICAN,20
2017,SINGAPOREAN,AMERICAN,90
2017,AMERICAN,AUSTRALIAN,14
2017,AUSTRALIAN,AUSTRALIAN,186
2017,BRITISH,AUSTRALIAN,22
2017,"INDIAN,PAKISTANI,BANGLADESHI & SRI LANKAN",AUSTRALIAN,10
2017,INDONESIAN,AUSTRALIAN,8
2017,JAPANESE,AUSTRALIAN,2
2017,MALAYSIAN,AUSTRALIAN,10
2017,OTHER ASEAN COUNTRIES,AUSTRALIAN,20
2017,OTHERS,AUSTRALIAN,48
2017,PRC NATIONAL,AUSTRALIAN,13
2017,SINGAPOREAN,AUSTRALIAN,80
2017,AMERICAN,BRITISH,17
2017,AUSTRALIAN,BRITISH,26
2017,BRITISH,BRITISH,287
2017,"INDIAN,PAKISTANI,BANGLADESHI & SRI LANKAN",BRITISH,9
2017,INDONESIAN,BRITISH,22
2017,JAPANESE,BRITISH,12
2017,MALAYSIAN,BRITISH,9
2017,OTHER ASEAN COUNTRIES,BRITISH,29
2017,OTHERS,BRITISH,77
2017,PRC NATIONAL,BRITISH,14
2017,SINGAPOREAN,BRITISH,110
2017,AMERICAN,"INDIAN,PAKISTANI,BANGLADESHI & SRI LANKAN",4
2017,AUSTRALIAN,"INDIAN,PAKISTANI,BANGLADESHI & SRI LANKAN",6
2017,BRITISH,"INDIAN,PAKISTANI,BANGLADESHI & SRI LANKAN",4
2017,"INDIAN,PAKISTANI,BANGLADESHI & SRI LANKAN","INDIAN,PAKISTANI,BANGLADESHI & SRI LANKAN",1570
2017,INDONESIAN,"INDIAN,PAKISTANI,BANGLADESHI & SRI LANKAN",5
2017,JAPANESE,"INDIAN,PAKISTANI,BANGLADESHI & SRI LANKAN",1
2017,MALAYSIAN,"INDIAN,PAKISTANI,BANGLADESHI & SRI LANKAN",14
2017,OTHER ASEAN COUNTRIES,"INDIAN,PAKISTANI,BANGLADESHI & SRI LANKAN",18
2017,OTHERS,"INDIAN,PAKISTANI,BANGLADESHI & SRI LANKAN",22
2017,PRC NATIONAL,"INDIAN,PAKISTANI,BANGLADESHI & SRI LANKAN",13
2017,SINGAPOREAN,"INDIAN,PAKISTANI,BANGLADESHI & SRI LANKAN",268
2017,AMERICAN,INDONESIAN,2
2017,AUSTRALIAN,INDONESIAN,2
2017,BRITISH,INDONESIAN,1
2017,INDONESIAN,INDONESIAN,386
2017,MALAYSIAN,INDONESIAN,8
2017,OTHER ASEAN COUNTRIES,INDONESIAN,6
2017,OTHERS,INDONESIAN,5
2017,PRC NATIONAL,INDONESIAN,11
2017,SINGAPOREAN,INDONESIAN,158
2017,BRITISH,JAPANESE,1
2017,INDONESIAN,JAPANESE,2
2017,JAPANESE,JAPANESE,285
2017,MALAYSIAN,JAPANESE,4
2017,OTHER ASEAN COUNTRIES,JAPANESE,7
2017,OTHERS,JAPANESE,7
2017,PRC NATIONAL,JAPANESE,3
2017,SINGAPOREAN,JAPANESE,25
2017,AMERICAN,MALAYSIAN,7
2017,AUSTRALIAN,MALAYSIAN,4
2017,BRITISH,MALAYSIAN,4
2017,"INDIAN,PAKISTANI,BANGLADESHI & SRI LANKAN",MALAYSIAN,6
2017,INDONESIAN,MALAYSIAN,34
2017,JAPANESE,MALAYSIAN,2
2017,MALAYSIAN,MALAYSIAN,655
2017,OTHER ASEAN COUNTRIES,MALAYSIAN,35
2017,OTHERS,MALAYSIAN,16
2017,PRC NATIONAL,MALAYSIAN,86
2017,SINGAPOREAN,MALAYSIAN,1268
2017,AMERICAN,OTHER ASEAN COUNTRIES,1
2017,AUSTRALIAN,OTHER ASEAN COUNTRIES,1
2017,BRITISH,OTHER ASEAN COUNTRIES,1
2017,"INDIAN,PAKISTANI,BANGLADESHI & SRI LANKAN",OTHER ASEAN COUNTRIES,1
2017,JAPANESE,OTHER ASEAN COUNTRIES,1
2017,MALAYSIAN,OTHER ASEAN COUNTRIES,2
2017,OTHER ASEAN COUNTRIES,OTHER ASEAN COUNTRIES,698
2017,OTHERS,OTHER ASEAN COUNTRIES,11
2017,PRC NATIONAL,OTHER ASEAN COUNTRIES,10
2017,SINGAPOREAN,OTHER ASEAN COUNTRIES,74
2017,AMERICAN,OTHERS,29
2017,AUSTRALIAN,OTHERS,31
2017,BRITISH,OTHERS,47
2017,"INDIAN,PAKISTANI,BANGLADESHI & SRI LANKAN",OTHERS,11
2017,INDONESIAN,OTHERS,45
2017,JAPANESE,OTHERS,37
2017,MALAYSIAN,OTHERS,59
2017,OTHER ASEAN COUNTRIES,OTHERS,93
2017,OTHERS,OTHERS,931
2017,PRC NATIONAL,OTHERS,86
2017,SINGAPOREAN,OTHERS,750
2017,AMERICAN,PRC NATIONAL,2
2017,AUSTRALIAN,PRC NATIONAL,1
2017,"INDIAN,PAKISTANI,BANGLADESHI & SRI LANKAN",PRC NATIONAL,1
2017,INDONESIAN,PRC NATIONAL,2
2017,JAPANESE,PRC NATIONAL,1
2017,MALAYSIAN,PRC NATIONAL,16
2017,OTHER ASEAN COUNTRIES,PRC NATIONAL,11
2017,OTHERS,PRC NATIONAL,9
2017,PRC NATIONAL,PRC NATIONAL,792
2017,SINGAPOREAN,PRC NATIONAL,448
2017,AMERICAN,SINGAPOREAN,20
2017,AUSTRALIAN,SINGAPOREAN,29
2017,BRITISH,SINGAPOREAN,28
2017,"INDIAN,PAKISTANI,BANGLADESHI & SRI LANKAN",SINGAPOREAN,207
2017,INDONESIAN,SINGAPOREAN,561
2017,JAPANESE,SINGAPOREAN,51
2017,MALAYSIAN,SINGAPOREAN,2056
2017,OTHER ASEAN COUNTRIES,SINGAPOREAN,1646
2017,OTHERS,SINGAPOREAN,241
2017,PRC NATIONAL,SINGAPOREAN,1815
2017,SINGAPOREAN,SINGAPOREAN,22431
2018,AMERICAN,AMERICAN,109
2018,AUSTRALIAN,AMERICAN,7
2018,BRITISH,AMERICAN,4
2018,"INDIAN,PAKISTANI,BANGLADESHI & SRI LANKAN",AMERICAN,4
2018,INDONESIAN,AMERICAN,7
2018,JAPANESE,AMERICAN,12
2018,MALAYSIAN,AMERICAN,8
2018,OTHER ASEAN COUNTRIES,AMERICAN,21
2018,OTHERS,AMERICAN,37
2018,PRC NATIONAL,AMERICAN,12
2018,SINGAPOREAN,AMERICAN,70
2018,AMERICAN,AUSTRALIAN,9
2018,AUSTRALIAN,AUSTRALIAN,158
2018,BRITISH,AUSTRALIAN,13
2018,"INDIAN,PAKISTANI,BANGLADESHI & SRI LANKAN",AUSTRALIAN,6
2018,INDONESIAN,AUSTRALIAN,9
2018,JAPANESE,AUSTRALIAN,5
2018,MALAYSIAN,AUSTRALIAN,15
2018,OTHER ASEAN COUNTRIES,AUSTRALIAN,12
2018,OTHERS,AUSTRALIAN,35
2018,PRC NATIONAL,AUSTRALIAN,10
2018,SINGAPOREAN,AUSTRALIAN,105
2018,AMERICAN,BRITISH,15
2018,AUSTRALIAN,BRITISH,23
2018,BRITISH,BRITISH,281
2018,"INDIAN,PAKISTANI,BANGLADESHI & SRI LANKAN",BRITISH,5
2018,INDONESIAN,BRITISH,9
2018,JAPANESE,BRITISH,11
2018,MALAYSIAN,BRITISH,11
2018,OTHER ASEAN COUNTRIES,BRITISH,31
2018,OTHERS,BRITISH,78
2018,PRC NATIONAL,BRITISH,13
2018,SINGAPOREAN,BRITISH,115
2018,AMERICAN,"INDIAN,PAKISTANI,BANGLADESHI & SRI LANKAN",3
2018,BRITISH,"INDIAN,PAKISTANI,BANGLADESHI & SRI LANKAN",3
2018,"INDIAN,PAKISTANI,BANGLADESHI & SRI LANKAN","INDIAN,PAKISTANI,BANGLADESHI & SRI LANKAN",1440
2018,INDONESIAN,"INDIAN,PAKISTANI,BANGLADESHI & SRI LANKAN",6
2018,JAPANESE,"INDIAN,PAKISTANI,BANGLADESHI & SRI LANKAN",2
2018,MALAYSIAN,"INDIAN,PAKISTANI,BANGLADESHI & SRI LANKAN",4
2018,OTHER ASEAN COUNTRIES,"INDIAN,PAKISTANI,BANGLADESHI & SRI LANKAN",26
2018,OTHERS,"INDIAN,PAKISTANI,BANGLADESHI & SRI LANKAN",23
2018,PRC NATIONAL,"INDIAN,PAKISTANI,BANGLADESHI & SRI LANKAN",13
2018,SINGAPOREAN,"INDIAN,PAKISTANI,BANGLADESHI & SRI LANKAN",283
2018,AMERICAN,INDONESIAN,2
2018,INDONESIAN,INDONESIAN,374
2018,MALAYSIAN,INDONESIAN,5
2018,OTHER ASEAN COUNTRIES,INDONESIAN,3
2018,OTHERS,INDONESIAN,5
2018,PRC NATIONAL,INDONESIAN,6
2018,SINGAPOREAN,INDONESIAN,138
2018,AMERICAN,JAPANESE,3
2018,INDONESIAN,JAPANESE,2
2018,JAPANESE,JAPANESE,255
2018,MALAYSIAN,JAPANESE,2
2018,OTHER ASEAN COUNTRIES,JAPANESE,7
2018,OTHERS,JAPANESE,2
2018,PRC NATIONAL,JAPANESE,10
2018,SINGAPOREAN,JAPANESE,27
2018,AMERICAN,MALAYSIAN,1
2018,AUSTRALIAN,MALAYSIAN,6
2018,BRITISH,MALAYSIAN,3
2018,"INDIAN,PAKISTANI,BANGLADESHI & SRI LANKAN",MALAYSIAN,2
2018,INDONESIAN,MALAYSIAN,26
2018,JAPANESE,MALAYSIAN,5
2018,MALAYSIAN,MALAYSIAN,583
2018,OTHER ASEAN COUNTRIES,MALAYSIAN,48
2018,OTHERS,MALAYSIAN,10
2018,PRC NATIONAL,MALAYSIAN,67
2018,SINGAPOREAN,MALAYSIAN,1279
2018,AMERICAN,OTHER ASEAN COUNTRIES,2
2018,BRITISH,OTHER ASEAN COUNTRIES,1
2018,INDONESIAN,OTHER ASEAN COUNTRIES,5
2018,JAPANESE,OTHER ASEAN COUNTRIES,1
2018,MALAYSIAN,OTHER ASEAN COUNTRIES,3
2018,OTHER ASEAN COUNTRIES,OTHER ASEAN COUNTRIES,586
2018,OTHERS,OTHER ASEAN COUNTRIES,3
2018,PRC NATIONAL,OTHER ASEAN COUNTRIES,4
2018,SINGAPOREAN,OTHER ASEAN COUNTRIES,94
2018,AMERICAN,OTHERS,38
2018,AUSTRALIAN,OTHERS,30
2018,BRITISH,OTHERS,46
2018,"INDIAN,PAKISTANI,BANGLADESHI & SRI LANKAN",OTHERS,8
2018,INDONESIAN,OTHERS,38
2018,JAPANESE,OTHERS,26
2018,MALAYSIAN,OTHERS,57
2018,OTHER ASEAN COUNTRIES,OTHERS,116
2018,OTHERS,OTHERS,997
2018,PRC NATIONAL,OTHERS,83
2018,SINGAPOREAN,OTHERS,819
2018,AMERICAN,PRC NATIONAL,2
2018,"INDIAN,PAKISTANI,BANGLADESHI & SRI LANKAN",PRC NATIONAL,2
2018,INDONESIAN,PRC NATIONAL,5
2018,JAPANESE,PRC NATIONAL,1
2018,MALAYSIAN,PRC NATIONAL,11
2018,OTHER ASEAN COUNTRIES,PRC NATIONAL,4
2018,OTHERS,PRC NATIONAL,5
2018,PRC NATIONAL,PRC NATIONAL,635
2018,SINGAPOREAN,PRC NATIONAL,470
2018,AMERICAN,SINGAPOREAN,32
2018,AUSTRALIAN,SINGAPOREAN,29
2018,BRITISH,SINGAPOREAN,22
2018,"INDIAN,PAKISTANI,BANGLADESHI & SRI LANKAN",SINGAPOREAN,190
2018,INDONESIAN,SINGAPOREAN,611
2018,JAPANESE,SINGAPOREAN,60
2018,MALAYSIAN,SINGAPOREAN,1943
2018,OTHER ASEAN COUNTRIES,SINGAPOREAN,1551
2018,OTHERS,SINGAPOREAN,233
2018,PRC NATIONAL,SINGAPOREAN,1639
2018,SINGAPOREAN,SINGAPOREAN,22703
2019,AMERICAN,AMERICAN,131
2019,AUSTRALIAN,AMERICAN,3
2019,BRITISH,AMERICAN,7
2019,"INDIAN,PAKISTANI,BANGLADESHI & SRI LANKAN",AMERICAN,4
2019,INDONESIAN,AMERICAN,8
2019,JAPANESE,AMERICAN,10
2019,MALAYSIAN,AMERICAN,5
2019,OTHER ASEAN COUNTRIES,AMERICAN,22
2019,OTHERS,AMERICAN,34
2019,PRC NATIONAL,AMERICAN,12
2019,SINGAPOREAN,AMERICAN,90
2019,AMERICAN,AUSTRALIAN,3
2019,AUSTRALIAN,AUSTRALIAN,174
2019,BRITISH,AUSTRALIAN,19
2019,"INDIAN,PAKISTANI,BANGLADESHI & SRI LANKAN",AUSTRALIAN,9
2019,INDONESIAN,AUSTRALIAN,3
2019,JAPANESE,AUSTRALIAN,4
2019,MALAYSIAN,AUSTRALIAN,8
2019,OTHER ASEAN COUNTRIES,AUSTRALIAN,17
2019,OTHERS,AUSTRALIAN,41
2019,PRC NATIONAL,AUSTRALIAN,15
2019,SINGAPOREAN,AUSTRALIAN,72
2019,AMERICAN,BRITISH,17
2019,AUSTRALIAN,BRITISH,34
2019,BRITISH,BRITISH,258
2019,"INDIAN,PAKISTANI,BANGLADESHI & SRI LANKAN",BRITISH,10
2019,INDONESIAN,BRITISH,11
2019,JAPANESE,BRITISH,15
2019,MALAYSIAN,BRITISH,3
2019,OTHER ASEAN COUNTRIES,BRITISH,31
2019,OTHERS,BRITISH,66
2019,PRC NATIONAL,BRITISH,15
2019,SINGAPOREAN,BRITISH,119
2019,AMERICAN,"INDIAN,PAKISTANI,BANGLADESHI & SRI LANKAN",3
2019,AUSTRALIAN,"INDIAN,PAKISTANI,BANGLADESHI & SRI LANKAN",3
2019,BRITISH,"INDIAN,PAKISTANI,BANGLADESHI & SRI LANKAN",4
2019,"INDIAN,PAKISTANI,BANGLADESHI & SRI LANKAN","INDIAN,PAKISTANI,BANGLADESHI & SRI LANKAN",1420
2019,INDONESIAN,"INDIAN,PAKISTANI,BANGLADESHI & SRI LANKAN",4
2019,JAPANESE,"INDIAN,PAKISTANI,BANGLADESHI & SRI LANKAN",3
2019,MALAYSIAN,"INDIAN,PAKISTANI,BANGLADESHI & SRI LANKAN",6
2019,OTHER ASEAN COUNTRIES,"INDIAN,PAKISTANI,BANGLADESHI & SRI LANKAN",21
2019,OTHERS,"INDIAN,PAKISTANI,BANGLADESHI & SRI LANKAN",29
2019,PRC NATIONAL,"INDIAN,PAKISTANI,BANGLADESHI & SRI LANKAN",9
2019,SINGAPOREAN,"INDIAN,PAKISTANI,BANGLADESHI & SRI LANKAN",261
2019,AMERICAN,INDONESIAN,4
2019,AUSTRALIAN,INDONESIAN,1
2019,BRITISH,INDONESIAN,1
2019,"INDIAN,PAKISTANI,BANGLADESHI & SRI LANKAN",INDONESIAN,1
2019,INDONESIAN,INDONESIAN,361
2019,JAPANESE,INDONESIAN,2
2019,MALAYSIAN,INDONESIAN,10
2019,OTHER ASEAN COUNTRIES,INDONESIAN,7
2019,OTHERS,INDONESIAN,5
2019,PRC NATIONAL,INDONESIAN,13
2019,SINGAPOREAN,INDONESIAN,144
2019,AUSTRALIAN,JAPANESE,1
2019,BRITISH,JAPANESE,1
2019,INDONESIAN,JAPANESE,1
2019,JAPANESE,JAPANESE,221
2019,MALAYSIAN,JAPANESE,1
2019,OTHER ASEAN COUNTRIES,JAPANESE,1
2019,OTHERS,JAPANESE,5
2019,PRC NATIONAL,JAPANESE,5
2019,SINGAPOREAN,JAPANESE,31
2019,AMERICAN,MALAYSIAN,2
2019,AUSTRALIAN,MALAYSIAN,3
2019,BRITISH,MALAYSIAN,4
2019,"INDIAN,PAKISTANI,BANGLADESHI & SRI LANKAN",MALAYSIAN,3
2019,INDONESIAN,MALAYSIAN,27
2019,JAPANESE,MALAYSIAN,6
2019,MALAYSIAN,MALAYSIAN,513
2019,OTHER ASEAN COUNTRIES,MALAYSIAN,37
2019,OTHERS,MALAYSIAN,17
2019,PRC NATIONAL,MALAYSIAN,59
2019,SINGAPOREAN,MALAYSIAN,1350
2019,AMERICAN,OTHER ASEAN COUNTRIES,4
2019,BRITISH,OTHER ASEAN COUNTRIES,1
2019,INDONESIAN,OTHER ASEAN COUNTRIES,6
2019,MALAYSIAN,OTHER ASEAN COUNTRIES,3
2019,OTHER ASEAN COUNTRIES,OTHER ASEAN COUNTRIES,530
2019,OTHERS,OTHER ASEAN COUNTRIES,7
2019,PRC NATIONAL,OTHER ASEAN COUNTRIES,5
2019,SINGAPOREAN,OTHER ASEAN COUNTRIES,88
2019,AMERICAN,OTHERS,30
2019,AUSTRALIAN,OTHERS,21
2019,BRITISH,OTHERS,46
2019,"INDIAN,PAKISTANI,BANGLADESHI & SRI LANKAN",OTHERS,19
2019,INDONESIAN,OTHERS,49
2019,JAPANESE,OTHERS,20
2019,MALAYSIAN,OTHERS,59
2019,OTHER ASEAN COUNTRIES,OTHERS,99
2019,OTHERS,OTHERS,931
2019,PRC NATIONAL,OTHERS,78
2019,SINGAPOREAN,OTHERS,705
2019,AMERICAN,PRC NATIONAL,1
2019,AUSTRALIAN,PRC NATIONAL,1
2019,BRITISH,PRC NATIONAL,1
2019,INDONESIAN,PRC NATIONAL,1
2019,JAPANESE,PRC NATIONAL,1
2019,MALAYSIAN,PRC NATIONAL,5
2019,OTHER ASEAN COUNTRIES,PRC NATIONAL,5
2019,OTHERS,PRC NATIONAL,3
2019,PRC NATIONAL,PRC NATIONAL,706
2019,SINGAPOREAN,PRC NATIONAL,464
2019,AMERICAN,SINGAPOREAN,34
2019,AUSTRALIAN,SINGAPOREAN,25
2019,BRITISH,SINGAPOREAN,23
2019,"INDIAN,PAKISTANI,BANGLADESHI & SRI LANKAN",SINGAPOREAN,194
2019,INDONESIAN,SINGAPOREAN,544
2019,JAPANESE,SINGAPOREAN,57
2019,MALAYSIAN,SINGAPOREAN,1966
2019,OTHER ASEAN COUNTRIES,SINGAPOREAN,1461
2019,OTHERS,SINGAPOREAN,244
2019,PRC NATIONAL,SINGAPOREAN,1668
2019,SINGAPOREAN,SINGAPOREAN,23304
