year,father_race,mother_race,birth_count
2017,CHINESE,CHINESE,21440
2017,CHINESE,INDIANS,61
2017,CHINESE,MALAYS,261
2017,CHINESE,OTHERS,1598
2017,INDIANS,CHINESE,288
2017,INDIANS,INDIANS,3312
2017,INDIANS,MALAYS,613
2017,INDIANS,OTHERS,208
2017,MALAYS,CHINESE,270
2017,MALAYS,INDIANS,389
2017,MALAYS,MALAYS,6398
2017,MALAYS,OTHERS,258
2017,OTHERS,CHINESE,1012
2017,OTHERS,INDIANS,139
2017,OTHERS,MALAYS,451
2017,OTHERS,OTHERS,2917
2018,CHINESE,CHINESE,20750
2018,CHINESE,INDIANS,59
2018,CHINESE,MALAYS,275
2018,CHINESE,OTHERS,1566
2018,INDIANS,CHINESE,271
2018,INDIANS,INDIANS,3215
2018,INDIANS,MALAYS,651
2018,INDIANS,OTHERS,212
2018,MALAYS,CHINESE,306
2018,MALAYS,INDIANS,396
2018,MALAYS,MALAYS,6610
2018,MALAYS,OTHERS,280
2018,OTHERS,CHINESE,1029
2018,OTHERS,INDIANS,159
2018,OTHERS,MALAYS,469
2018,OTHERS,OTHERS,2791
2019,CHINESE,CHINESE,21526
2019,CHINESE,INDIANS,64
2019,CHINESE,MALAYS,240
2019,CHINESE,OTHERS,1475
2019,INDIANS,CHINESE,269
2019,INDIANS,INDIANS,3116
2019,INDIANS,MALAYS,607
2019,INDIANS,OTHERS,218
2019,MALAYS,CHINESE,310
2019,MALAYS,INDIANS,434
2019,MALAYS,MALAYS,6625
2019,MALAYS,OTHERS,246
2019,OTHERS,CHINESE,1010
2019,OTHERS,INDIANS,153
2019,OTHERS,MALAYS,407
2019,OTHERS,OTHERS,2579
