month,mother_occupation,order,birth_count
2017-01,AGRICULTURAL & FISHERY WORKERS,1st,1
2017-01,"CLEANERS, LABOURERS & REL WORKERS",1st,2
2017-01,"CLEANERS, LABOURERS & REL WORKERS",4th,1
2017-01,CLERICAL WORKERS,1st,64
2017-01,CLERICAL WORKERS,2nd,45
2017-01,CLERICAL WORKERS,3rd,24
2017-01,CLERICAL WORKERS,4th,12
2017-01,CLERICAL WORKERS,5th,1
2017-01,CLERICAL WORKERS,6th,2
2017-01,"LEGISLATORS, SNR OFFICIALS & MGRS",1st,141
2017-01,"LEGISLATORS, SNR OFFICIALS & MGRS",2nd,130
2017-01,"LEGISLATORS, SNR OFFICIALS & MGRS",3rd,22
2017-01,"LEGISLATORS, SNR OFFICIALS & MGRS",4th,7
2017-01,PERSONS NOT ECONOMICALLY ACTIVE,1st,387
2017-01,PERSONS NOT ECONOMICALLY ACTIVE,2nd,368
2017-01,PERSONS NOT ECONOMICALLY ACTIVE,3rd,146
2017-01,PERSONS NOT ECONOMICALLY ACTIVE,4th,58
2017-01,PERSONS NOT ECONOMICALLY ACTIVE,5th,23
2017-01,PERSONS NOT ECONOMICALLY ACTIVE,6th,8
2017-01,PERSONS NOT ECONOMICALLY ACTIVE,7th,3
2017-01,PERSONS NOT ECONOMICALLY ACTIVE,8th,1
2017-01,PLANT/MACHINE OPERATORS & ASSEMBLERS,1st,1
2017-01,PLANT/MACHINE OPERATORS & ASSEMBLERS,2nd,3
2017-01,PRODUCTION CRAFTSMEN & REL WORKERS,1st,3
2017-01,PRODUCTION CRAFTSMEN & REL WORKERS,2nd,1
2017-01,PRODUCTION CRAFTSMEN & REL WORKERS,4th,1
2017-01,PROFESSIONALS,1st,335
2017-01,PROFESSIONALS,2nd,234
2017-01,PROFESSIONALS,3rd,59
2017-01,PROFESSIONALS,4th,5
2017-01,PROFESSIONALS,5th,2
2017-01,"SERVICE WKRS, SHOP, MARKET SALES WKRS",1st,116
2017-01,"SERVICE WKRS, SHOP, MARKET SALES WKRS",2nd,96
2017-01,"SERVICE WKRS, SHOP, MARKET SALES WKRS",3rd,45
2017-01,"SERVICE WKRS, SHOP, MARKET SALES WKRS",4th,17
2017-01,"SERVICE WKRS, SHOP, MARKET SALES WKRS",5th,4
2017-01,"SERVICE WKRS, SHOP, MARKET SALES WKRS",6th,1
2017-01,TECHNICIANS & ASSOCIATE PROFS,1st,521
2017-01,TECHNICIANS & ASSOCIATE PROFS,2nd,357
2017-01,TECHNICIANS & ASSOCIATE PROFS,3rd,101
2017-01,TECHNICIANS & ASSOCIATE PROFS,4th,23
2017-01,TECHNICIANS & ASSOCIATE PROFS,5th,3
2017-01,TECHNICIANS & ASSOCIATE PROFS,6th,1
2017-01,WKRS NOT CLASSIFIABLE BY OCCUPATION,1st,4
2017-01,WKRS NOT CLASSIFIABLE BY OCCUPATION,2nd,2
2017-01,WKRS NOT CLASSIFIABLE BY OCCUPATION,3rd,3
2017-02,CLERICAL WORKERS,1st,40
2017-02,CLERICAL WORKERS,2nd,44
2017-02,CLERICAL WORKERS,3rd,18
2017-02,CLERICAL WORKERS,4th,6
2017-02,CLERICAL WORKERS,5th,1
2017-02,CLERICAL WORKERS,6th,3
2017-02,"LEGISLATORS, SNR OFFICIALS & MGRS",1st,131
2017-02,"LEGISLATORS, SNR OFFICIALS & MGRS",2nd,95
2017-02,"LEGISLATORS, SNR OFFICIALS & MGRS",3rd,29
2017-02,"LEGISLATORS, SNR OFFICIALS & MGRS",4th,5
2017-02,PERSONS NOT ECONOMICALLY ACTIVE,1st,325
2017-02,PERSONS NOT ECONOMICALLY ACTIVE,2nd,300
2017-02,PERSONS NOT ECONOMICALLY ACTIVE,3rd,116
2017-02,PERSONS NOT ECONOMICALLY ACTIVE,4th,52
2017-02,PERSONS NOT ECONOMICALLY ACTIVE,5th,14
2017-02,PERSONS NOT ECONOMICALLY ACTIVE,6th,9
2017-02,PERSONS NOT ECONOMICALLY ACTIVE,7th,4
2017-02,PERSONS NOT ECONOMICALLY ACTIVE,8th,1
2017-02,PERSONS NOT ECONOMICALLY ACTIVE,9th & over,3
2017-02,PLANT/MACHINE OPERATORS & ASSEMBLERS,1st,1
2017-02,PRODUCTION CRAFTSMEN & REL WORKERS,1st,1
2017-02,PRODUCTION CRAFTSMEN & REL WORKERS,2nd,3
2017-02,PRODUCTION CRAFTSMEN & REL WORKERS,3rd,3
2017-02,PROFESSIONALS,1st,357
2017-02,PROFESSIONALS,2nd,239
2017-02,PROFESSIONALS,3rd,61
2017-02,PROFESSIONALS,4th,10
2017-02,PROFESSIONALS,5th,2
2017-02,PROFESSIONALS,6th,1
2017-02,"SERVICE WKRS, SHOP, MARKET SALES WKRS",1st,94
2017-02,"SERVICE WKRS, SHOP, MARKET SALES WKRS",2nd,58
2017-02,"SERVICE WKRS, SHOP, MARKET SALES WKRS",3rd,31
2017-02,"SERVICE WKRS, SHOP, MARKET SALES WKRS",4th,11
2017-02,"SERVICE WKRS, SHOP, MARKET SALES WKRS",5th,2
2017-02,"SERVICE WKRS, SHOP, MARKET SALES WKRS",6th,3
2017-02,"SERVICE WKRS, SHOP, MARKET SALES WKRS",7th,1
2017-02,TECHNICIANS & ASSOCIATE PROFS,1st,500
2017-02,TECHNICIANS & ASSOCIATE PROFS,2nd,322
2017-02,TECHNICIANS & ASSOCIATE PROFS,3rd,99
2017-02,TECHNICIANS & ASSOCIATE PROFS,4th,19
2017-02,TECHNICIANS & ASSOCIATE PROFS,5th,4
2017-02,WKRS NOT CLASSIFIABLE BY OCCUPATION,1st,1
2017-02,WKRS NOT CLASSIFIABLE BY OCCUPATION,4th,1
2017-03,"CLEANERS, LABOURERS & REL WORKERS",2nd,1
2017-03,CLERICAL WORKERS,1st,49
2017-03,CLERICAL WORKERS,2nd,44
2017-03,CLERICAL WORKERS,3rd,31
2017-03,CLERICAL WORKERS,4th,8
2017-03,CLERICAL WORKERS,6th,1
2017-03,CLERICAL WORKERS,7th,1
2017-03,"LEGISLATORS, SNR OFFICIALS & MGRS",1st,138
2017-03,"LEGISLATORS, SNR OFFICIALS & MGRS",2nd,100
2017-03,"LEGISLATORS, SNR OFFICIALS & MGRS",3rd,38
2017-03,"LEGISLATORS, SNR OFFICIALS & MGRS",4th,5
2017-03,"LEGISLATORS, SNR OFFICIALS & MGRS",5th,1
2017-03,PERSONS NOT ECONOMICALLY ACTIVE,1st,368
2017-03,PERSONS NOT ECONOMICALLY ACTIVE,2nd,384
2017-03,PERSONS NOT ECONOMICALLY ACTIVE,3rd,129
2017-03,PERSONS NOT ECONOMICALLY ACTIVE,4th,68
2017-03,PERSONS NOT ECONOMICALLY ACTIVE,5th,25
2017-03,PERSONS NOT ECONOMICALLY ACTIVE,6th,9
2017-03,PERSONS NOT ECONOMICALLY ACTIVE,7th,4
2017-03,PERSONS NOT ECONOMICALLY ACTIVE,8th,2
2017-03,PERSONS NOT ECONOMICALLY ACTIVE,9th & over,1
2017-03,PLANT/MACHINE OPERATORS & ASSEMBLERS,4th,1
2017-03,PRODUCTION CRAFTSMEN & REL WORKERS,2nd,1
2017-03,PRODUCTION CRAFTSMEN & REL WORKERS,3rd,2
2017-03,PROFESSIONALS,1st,354
2017-03,PROFESSIONALS,2nd,265
2017-03,PROFESSIONALS,3rd,75
2017-03,PROFESSIONALS,4th,9
2017-03,PROFESSIONALS,5th,2
2017-03,PROFESSIONALS,6th,2
2017-03,"SERVICE WKRS, SHOP, MARKET SALES WKRS",1st,78
2017-03,"SERVICE WKRS, SHOP, MARKET SALES WKRS",2nd,83
2017-03,"SERVICE WKRS, SHOP, MARKET SALES WKRS",3rd,37
2017-03,"SERVICE WKRS, SHOP, MARKET SALES WKRS",4th,17
2017-03,"SERVICE WKRS, SHOP, MARKET SALES WKRS",5th,5
2017-03,"SERVICE WKRS, SHOP, MARKET SALES WKRS",6th,2
2017-03,TECHNICIANS & ASSOCIATE PROFS,1st,506
2017-03,TECHNICIANS & ASSOCIATE PROFS,2nd,391
2017-03,TECHNICIANS & ASSOCIATE PROFS,3rd,121
2017-03,TECHNICIANS & ASSOCIATE PROFS,4th,21
2017-03,TECHNICIANS & ASSOCIATE PROFS,5th,4
2017-03,TECHNICIANS & ASSOCIATE PROFS,6th,2
2017-03,TECHNICIANS & ASSOCIATE PROFS,7th,1
2017-03,WKRS NOT CLASSIFIABLE BY OCCUPATION,1st,3
2017-04,"CLEANERS, LABOURERS & REL WORKERS",3rd,3
2017-04,CLERICAL WORKERS,1st,38
2017-04,CLERICAL WORKERS,2nd,48
2017-04,CLERICAL WORKERS,3rd,19
2017-04,CLERICAL WORKERS,4th,8
2017-04,CLERICAL WORKERS,5th,2
2017-04,CLERICAL WORKERS,6th,1
2017-04,CLERICAL WORKERS,7th,1
2017-04,"LEGISLATORS, SNR OFFICIALS & MGRS",1st,118
2017-04,"LEGISLATORS, SNR OFFICIALS & MGRS",2nd,104
2017-04,"LEGISLATORS, SNR OFFICIALS & MGRS",3rd,37
2017-04,"LEGISLATORS, SNR OFFICIALS & MGRS",4th,13
2017-04,PERSONS NOT ECONOMICALLY ACTIVE,1st,327
2017-04,PERSONS NOT ECONOMICALLY ACTIVE,2nd,318
2017-04,PERSONS NOT ECONOMICALLY ACTIVE,3rd,116
2017-04,PERSONS NOT ECONOMICALLY ACTIVE,4th,54
2017-04,PERSONS NOT ECONOMICALLY ACTIVE,5th,29
2017-04,PERSONS NOT ECONOMICALLY ACTIVE,6th,8
2017-04,PERSONS NOT ECONOMICALLY ACTIVE,7th,5
2017-04,PERSONS NOT ECONOMICALLY ACTIVE,8th,1
2017-04,PLANT/MACHINE OPERATORS & ASSEMBLERS,2nd,1
2017-04,PRODUCTION CRAFTSMEN & REL WORKERS,1st,2
2017-04,PRODUCTION CRAFTSMEN & REL WORKERS,2nd,5
2017-04,PRODUCTION CRAFTSMEN & REL WORKERS,3rd,2
2017-04,PROFESSIONALS,1st,338
2017-04,PROFESSIONALS,2nd,254
2017-04,PROFESSIONALS,3rd,41
2017-04,PROFESSIONALS,4th,7
2017-04,PROFESSIONALS,5th,1
2017-04,"SERVICE WKRS, SHOP, MARKET SALES WKRS",1st,91
2017-04,"SERVICE WKRS, SHOP, MARKET SALES WKRS",2nd,79
2017-04,"SERVICE WKRS, SHOP, MARKET SALES WKRS",3rd,38
2017-04,"SERVICE WKRS, SHOP, MARKET SALES WKRS",4th,15
2017-04,"SERVICE WKRS, SHOP, MARKET SALES WKRS",5th,4
2017-04,"SERVICE WKRS, SHOP, MARKET SALES WKRS",6th,1
2017-04,TECHNICIANS & ASSOCIATE PROFS,1st,518
2017-04,TECHNICIANS & ASSOCIATE PROFS,2nd,352
2017-04,TECHNICIANS & ASSOCIATE PROFS,3rd,85
2017-04,TECHNICIANS & ASSOCIATE PROFS,4th,28
2017-04,TECHNICIANS & ASSOCIATE PROFS,5th,4
2017-04,TECHNICIANS & ASSOCIATE PROFS,6th,1
2017-04,TECHNICIANS & ASSOCIATE PROFS,8th,1
2017-04,WKRS NOT CLASSIFIABLE BY OCCUPATION,1st,1
2017-04,WKRS NOT CLASSIFIABLE BY OCCUPATION,2nd,1
2017-04,WKRS NOT CLASSIFIABLE BY OCCUPATION,4th,1
2017-05,"CLEANERS, LABOURERS & REL WORKERS",1st,2
2017-05,"CLEANERS, LABOURERS & REL WORKERS",2nd,1
2017-05,CLERICAL WORKERS,1st,46
2017-05,CLERICAL WORKERS,2nd,51
2017-05,CLERICAL WORKERS,3rd,14
2017-05,CLERICAL WORKERS,4th,10
2017-05,CLERICAL WORKERS,5th,2
2017-05,"LEGISLATORS, SNR OFFICIALS & MGRS",1st,152
2017-05,"LEGISLATORS, SNR OFFICIALS & MGRS",2nd,112
2017-05,"LEGISLATORS, SNR OFFICIALS & MGRS",3rd,22
2017-05,"LEGISLATORS, SNR OFFICIALS & MGRS",4th,6
2017-05,PERSONS NOT ECONOMICALLY ACTIVE,1st,331
2017-05,PERSONS NOT ECONOMICALLY ACTIVE,2nd,345
2017-05,PERSONS NOT ECONOMICALLY ACTIVE,3rd,137
2017-05,PERSONS NOT ECONOMICALLY ACTIVE,4th,58
2017-05,PERSONS NOT ECONOMICALLY ACTIVE,5th,28
2017-05,PERSONS NOT ECONOMICALLY ACTIVE,6th,11
2017-05,PERSONS NOT ECONOMICALLY ACTIVE,7th,3
2017-05,PERSONS NOT ECONOMICALLY ACTIVE,9th & over,2
2017-05,PLANT/MACHINE OPERATORS & ASSEMBLERS,4th,1
2017-05,PLANT/MACHINE OPERATORS & ASSEMBLERS,5th,1
2017-05,PRODUCTION CRAFTSMEN & REL WORKERS,1st,4
2017-05,PRODUCTION CRAFTSMEN & REL WORKERS,3rd,1
2017-05,PROFESSIONALS,1st,357
2017-05,PROFESSIONALS,2nd,201
2017-05,PROFESSIONALS,3rd,57
2017-05,PROFESSIONALS,4th,11
2017-05,PROFESSIONALS,5th,2
2017-05,PROFESSIONALS,6th,1
2017-05,"SERVICE WKRS, SHOP, MARKET SALES WKRS",1st,110
2017-05,"SERVICE WKRS, SHOP, MARKET SALES WKRS",2nd,88
2017-05,"SERVICE WKRS, SHOP, MARKET SALES WKRS",3rd,39
2017-05,"SERVICE WKRS, SHOP, MARKET SALES WKRS",4th,9
2017-05,"SERVICE WKRS, SHOP, MARKET SALES WKRS",5th,7
2017-05,"SERVICE WKRS, SHOP, MARKET SALES WKRS",6th,1
2017-05,TECHNICIANS & ASSOCIATE PROFS,1st,483
2017-05,TECHNICIANS & ASSOCIATE PROFS,2nd,330
2017-05,TECHNICIANS & ASSOCIATE PROFS,3rd,105
2017-05,TECHNICIANS & ASSOCIATE PROFS,4th,31
2017-05,TECHNICIANS & ASSOCIATE PROFS,5th,2
2017-05,TECHNICIANS & ASSOCIATE PROFS,6th,1
2017-05,TECHNICIANS & ASSOCIATE PROFS,7th,1
2017-05,WKRS NOT CLASSIFIABLE BY OCCUPATION,1st,3
2017-05,WKRS NOT CLASSIFIABLE BY OCCUPATION,2nd,3
2017-06,"CLEANERS, LABOURERS & REL WORKERS",2nd,1
2017-06,"CLEANERS, LABOURERS & REL WORKERS",4th,1
2017-06,"CLEANERS, LABOURERS & REL WORKERS",6th,1
2017-06,CLERICAL WORKERS,1st,38
2017-06,CLERICAL WORKERS,2nd,41
2017-06,CLERICAL WORKERS,3rd,25
2017-06,CLERICAL WORKERS,4th,9
2017-06,CLERICAL WORKERS,5th,1
2017-06,"LEGISLATORS, SNR OFFICIALS & MGRS",1st,128
2017-06,"LEGISLATORS, SNR OFFICIALS & MGRS",2nd,113
2017-06,"LEGISLATORS, SNR OFFICIALS & MGRS",3rd,41
2017-06,"LEGISLATORS, SNR OFFICIALS & MGRS",4th,4
2017-06,"LEGISLATORS, SNR OFFICIALS & MGRS",5th,3
2017-06,PERSONS NOT ECONOMICALLY ACTIVE,1st,352
2017-06,PERSONS NOT ECONOMICALLY ACTIVE,2nd,293
2017-06,PERSONS NOT ECONOMICALLY ACTIVE,3rd,122
2017-06,PERSONS NOT ECONOMICALLY ACTIVE,4th,40
2017-06,PERSONS NOT ECONOMICALLY ACTIVE,5th,24
2017-06,PERSONS NOT ECONOMICALLY ACTIVE,6th,8
2017-06,PERSONS NOT ECONOMICALLY ACTIVE,7th,3
2017-06,PERSONS NOT ECONOMICALLY ACTIVE,8th,1
2017-06,PERSONS NOT ECONOMICALLY ACTIVE,9th & over,1
2017-06,PLANT/MACHINE OPERATORS & ASSEMBLERS,1st,1
2017-06,PLANT/MACHINE OPERATORS & ASSEMBLERS,2nd,2
2017-06,PRODUCTION CRAFTSMEN & REL WORKERS,1st,1
2017-06,PRODUCTION CRAFTSMEN & REL WORKERS,2nd,3
2017-06,PRODUCTION CRAFTSMEN & REL WORKERS,3rd,2
2017-06,PROFESSIONALS,1st,351
2017-06,PROFESSIONALS,2nd,226
2017-06,PROFESSIONALS,3rd,66
2017-06,PROFESSIONALS,4th,7
2017-06,PROFESSIONALS,5th,1
2017-06,PROFESSIONALS,7th,1
2017-06,"SERVICE WKRS, SHOP, MARKET SALES WKRS",1st,92
2017-06,"SERVICE WKRS, SHOP, MARKET SALES WKRS",2nd,75
2017-06,"SERVICE WKRS, SHOP, MARKET SALES WKRS",3rd,41
2017-06,"SERVICE WKRS, SHOP, MARKET SALES WKRS",4th,16
2017-06,"SERVICE WKRS, SHOP, MARKET SALES WKRS",5th,4
2017-06,"SERVICE WKRS, SHOP, MARKET SALES WKRS",6th,2
2017-06,"SERVICE WKRS, SHOP, MARKET SALES WKRS",7th,1
2017-06,TECHNICIANS & ASSOCIATE PROFS,1st,499
2017-06,TECHNICIANS & ASSOCIATE PROFS,2nd,360
2017-06,TECHNICIANS & ASSOCIATE PROFS,3rd,104
2017-06,TECHNICIANS & ASSOCIATE PROFS,4th,23
2017-06,TECHNICIANS & ASSOCIATE PROFS,5th,5
2017-06,TECHNICIANS & ASSOCIATE PROFS,6th,1
2017-06,TECHNICIANS & ASSOCIATE PROFS,7th,1
2017-06,WKRS NOT CLASSIFIABLE BY OCCUPATION,2nd,1
2017-06,WKRS NOT CLASSIFIABLE BY OCCUPATION,4th,1
2017-07,"CLEANERS, LABOURERS & REL WORKERS",1st,1
2017-07,"CLEANERS, LABOURERS & REL WORKERS",3rd,1
2017-07,CLERICAL WORKERS,1st,54
2017-07,CLERICAL WORKERS,2nd,48
2017-07,CLERICAL WORKERS,3rd,28
2017-07,CLERICAL WORKERS,4th,6
2017-07,CLERICAL WORKERS,5th,5
2017-07,CLERICAL WORKERS,7th,1
2017-07,"LEGISLATORS, SNR OFFICIALS & MGRS",1st,151
2017-07,"LEGISLATORS, SNR OFFICIALS & MGRS",2nd,110
2017-07,"LEGISLATORS, SNR OFFICIALS & MGRS",3rd,20
2017-07,"LEGISLATORS, SNR OFFICIALS & MGRS",4th,4
2017-07,"LEGISLATORS, SNR OFFICIALS & MGRS",5th,1
2017-07,"LEGISLATORS, SNR OFFICIALS & MGRS",6th,1
2017-07,PERSONS NOT ECONOMICALLY ACTIVE,1st,366
2017-07,PERSONS NOT ECONOMICALLY ACTIVE,2nd,319
2017-07,PERSONS NOT ECONOMICALLY ACTIVE,3rd,140
2017-07,PERSONS NOT ECONOMICALLY ACTIVE,4th,63
2017-07,PERSONS NOT ECONOMICALLY ACTIVE,5th,22
2017-07,PERSONS NOT ECONOMICALLY ACTIVE,6th,16
2017-07,PERSONS NOT ECONOMICALLY ACTIVE,7th,6
2017-07,PERSONS NOT ECONOMICALLY ACTIVE,8th,1
2017-07,PRODUCTION CRAFTSMEN & REL WORKERS,1st,1
2017-07,PRODUCTION CRAFTSMEN & REL WORKERS,2nd,5
2017-07,PRODUCTION CRAFTSMEN & REL WORKERS,4th,1
2017-07,PRODUCTION CRAFTSMEN & REL WORKERS,5th,1
2017-07,PROFESSIONALS,1st,359
2017-07,PROFESSIONALS,2nd,267
2017-07,PROFESSIONALS,3rd,45
2017-07,PROFESSIONALS,4th,11
2017-07,"SERVICE WKRS, SHOP, MARKET SALES WKRS",1st,81
2017-07,"SERVICE WKRS, SHOP, MARKET SALES WKRS",2nd,87
2017-07,"SERVICE WKRS, SHOP, MARKET SALES WKRS",3rd,43
2017-07,"SERVICE WKRS, SHOP, MARKET SALES WKRS",4th,11
2017-07,"SERVICE WKRS, SHOP, MARKET SALES WKRS",5th,4
2017-07,"SERVICE WKRS, SHOP, MARKET SALES WKRS",6th,5
2017-07,"SERVICE WKRS, SHOP, MARKET SALES WKRS",7th,1
2017-07,TECHNICIANS & ASSOCIATE PROFS,1st,520
2017-07,TECHNICIANS & ASSOCIATE PROFS,2nd,387
2017-07,TECHNICIANS & ASSOCIATE PROFS,3rd,101
2017-07,TECHNICIANS & ASSOCIATE PROFS,4th,16
2017-07,TECHNICIANS & ASSOCIATE PROFS,5th,7
2017-07,TECHNICIANS & ASSOCIATE PROFS,6th,2
2017-07,TECHNICIANS & ASSOCIATE PROFS,7th,1
2017-07,WKRS NOT CLASSIFIABLE BY OCCUPATION,1st,1
2017-07,WKRS NOT CLASSIFIABLE BY OCCUPATION,2nd,1
2017-07,WKRS NOT CLASSIFIABLE BY OCCUPATION,3rd,1
2017-08,"CLEANERS, LABOURERS & REL WORKERS",1st,3
2017-08,"CLEANERS, LABOURERS & REL WORKERS",4th,1
2017-08,"CLEANERS, LABOURERS & REL WORKERS",6th,1
2017-08,CLERICAL WORKERS,1st,48
2017-08,CLERICAL WORKERS,2nd,51
2017-08,CLERICAL WORKERS,3rd,22
2017-08,CLERICAL WORKERS,4th,8
2017-08,"LEGISLATORS, SNR OFFICIALS & MGRS",1st,108
2017-08,"LEGISLATORS, SNR OFFICIALS & MGRS",2nd,89
2017-08,"LEGISLATORS, SNR OFFICIALS & MGRS",3rd,18
2017-08,"LEGISLATORS, SNR OFFICIALS & MGRS",4th,6
2017-08,"LEGISLATORS, SNR OFFICIALS & MGRS",5th,1
2017-08,PERSONS NOT ECONOMICALLY ACTIVE,1st,350
2017-08,PERSONS NOT ECONOMICALLY ACTIVE,2nd,328
2017-08,PERSONS NOT ECONOMICALLY ACTIVE,3rd,161
2017-08,PERSONS NOT ECONOMICALLY ACTIVE,4th,43
2017-08,PERSONS NOT ECONOMICALLY ACTIVE,5th,31
2017-08,PERSONS NOT ECONOMICALLY ACTIVE,6th,12
2017-08,PERSONS NOT ECONOMICALLY ACTIVE,7th,3
2017-08,PLANT/MACHINE OPERATORS & ASSEMBLERS,3rd,1
2017-08,PRODUCTION CRAFTSMEN & REL WORKERS,1st,3
2017-08,PRODUCTION CRAFTSMEN & REL WORKERS,2nd,4
2017-08,PRODUCTION CRAFTSMEN & REL WORKERS,3rd,2
2017-08,PROFESSIONALS,1st,396
2017-08,PROFESSIONALS,2nd,259
2017-08,PROFESSIONALS,3rd,61
2017-08,PROFESSIONALS,4th,10
2017-08,PROFESSIONALS,5th,2
2017-08,"SERVICE WKRS, SHOP, MARKET SALES WKRS",1st,109
2017-08,"SERVICE WKRS, SHOP, MARKET SALES WKRS",2nd,96
2017-08,"SERVICE WKRS, SHOP, MARKET SALES WKRS",3rd,42
2017-08,"SERVICE WKRS, SHOP, MARKET SALES WKRS",4th,14
2017-08,"SERVICE WKRS, SHOP, MARKET SALES WKRS",5th,5
2017-08,"SERVICE WKRS, SHOP, MARKET SALES WKRS",6th,3
2017-08,"SERVICE WKRS, SHOP, MARKET SALES WKRS",8th,1
2017-08,TECHNICIANS & ASSOCIATE PROFS,1st,598
2017-08,TECHNICIANS & ASSOCIATE PROFS,2nd,402
2017-08,TECHNICIANS & ASSOCIATE PROFS,3rd,101
2017-08,TECHNICIANS & ASSOCIATE PROFS,4th,17
2017-08,TECHNICIANS & ASSOCIATE PROFS,5th,3
2017-08,WKRS NOT CLASSIFIABLE BY OCCUPATION,1st,3
2017-08,WKRS NOT CLASSIFIABLE BY OCCUPATION,5th,1
2017-09,AGRICULTURAL & FISHERY WORKERS,1st,1
2017-09,CLERICAL WORKERS,1st,47
2017-09,CLERICAL WORKERS,2nd,41
2017-09,CLERICAL WORKERS,3rd,20
2017-09,CLERICAL WORKERS,4th,9
2017-09,CLERICAL WORKERS,5th,4
2017-09,CLERICAL WORKERS,6th,1
2017-09,"LEGISLATORS, SNR OFFICIALS & MGRS",1st,126
2017-09,"LEGISLATORS, SNR OFFICIALS & MGRS",2nd,97
2017-09,"LEGISLATORS, SNR OFFICIALS & MGRS",3rd,30
2017-09,"LEGISLATORS, SNR OFFICIALS & MGRS",4th,5
2017-09,"LEGISLATORS, SNR OFFICIALS & MGRS",5th,1
2017-09,PERSONS NOT ECONOMICALLY ACTIVE,1st,366
2017-09,PERSONS NOT ECONOMICALLY ACTIVE,2nd,335
2017-09,PERSONS NOT ECONOMICALLY ACTIVE,3rd,137
2017-09,PERSONS NOT ECONOMICALLY ACTIVE,4th,57
2017-09,PERSONS NOT ECONOMICALLY ACTIVE,5th,22
2017-09,PERSONS NOT ECONOMICALLY ACTIVE,6th,6
2017-09,PERSONS NOT ECONOMICALLY ACTIVE,7th,4
2017-09,PERSONS NOT ECONOMICALLY ACTIVE,9th & over,2
2017-09,PLANT/MACHINE OPERATORS & ASSEMBLERS,1st,4
2017-09,PLANT/MACHINE OPERATORS & ASSEMBLERS,3rd,2
2017-09,PRODUCTION CRAFTSMEN & REL WORKERS,1st,2
2017-09,PRODUCTION CRAFTSMEN & REL WORKERS,2nd,2
2017-09,PRODUCTION CRAFTSMEN & REL WORKERS,4th,1
2017-09,PROFESSIONALS,1st,386
2017-09,PROFESSIONALS,2nd,264
2017-09,PROFESSIONALS,3rd,52
2017-09,PROFESSIONALS,4th,10
2017-09,PROFESSIONALS,5th,4
2017-09,"SERVICE WKRS, SHOP, MARKET SALES WKRS",1st,132
2017-09,"SERVICE WKRS, SHOP, MARKET SALES WKRS",2nd,67
2017-09,"SERVICE WKRS, SHOP, MARKET SALES WKRS",3rd,42
2017-09,"SERVICE WKRS, SHOP, MARKET SALES WKRS",4th,12
2017-09,"SERVICE WKRS, SHOP, MARKET SALES WKRS",5th,3
2017-09,TECHNICIANS & ASSOCIATE PROFS,1st,558
2017-09,TECHNICIANS & ASSOCIATE PROFS,2nd,432
2017-09,TECHNICIANS & ASSOCIATE PROFS,3rd,118
2017-09,TECHNICIANS & ASSOCIATE PROFS,4th,17
2017-09,TECHNICIANS & ASSOCIATE PROFS,5th,1
2017-09,TECHNICIANS & ASSOCIATE PROFS,6th,1
2017-09,WKRS NOT CLASSIFIABLE BY OCCUPATION,1st,1
2017-09,WKRS NOT CLASSIFIABLE BY OCCUPATION,2nd,1
2017-10,CLERICAL WORKERS,1st,57
2017-10,CLERICAL WORKERS,2nd,55
2017-10,CLERICAL WORKERS,3rd,29
2017-10,CLERICAL WORKERS,4th,10
2017-10,CLERICAL WORKERS,5th,5
2017-10,CLERICAL WORKERS,6th,2
2017-10,"LEGISLATORS, SNR OFFICIALS & MGRS",1st,126
2017-10,"LEGISLATORS, SNR OFFICIALS & MGRS",2nd,91
2017-10,"LEGISLATORS, SNR OFFICIALS & MGRS",3rd,30
2017-10,"LEGISLATORS, SNR OFFICIALS & MGRS",4th,9
2017-10,"LEGISLATORS, SNR OFFICIALS & MGRS",5th,3
2017-10,PERSONS NOT ECONOMICALLY ACTIVE,1st,377
2017-10,PERSONS NOT ECONOMICALLY ACTIVE,2nd,327
2017-10,PERSONS NOT ECONOMICALLY ACTIVE,3rd,132
2017-10,PERSONS NOT ECONOMICALLY ACTIVE,4th,56
2017-10,PERSONS NOT ECONOMICALLY ACTIVE,5th,29
2017-10,PERSONS NOT ECONOMICALLY ACTIVE,6th,14
2017-10,PERSONS NOT ECONOMICALLY ACTIVE,7th,2
2017-10,PERSONS NOT ECONOMICALLY ACTIVE,8th,1
2017-10,PERSONS NOT ECONOMICALLY ACTIVE,9th & over,1
2017-10,PLANT/MACHINE OPERATORS & ASSEMBLERS,1st,1
2017-10,PLANT/MACHINE OPERATORS & ASSEMBLERS,4th,2
2017-10,PRODUCTION CRAFTSMEN & REL WORKERS,1st,1
2017-10,PRODUCTION CRAFTSMEN & REL WORKERS,2nd,1
2017-10,PRODUCTION CRAFTSMEN & REL WORKERS,3rd,1
2017-10,PRODUCTION CRAFTSMEN & REL WORKERS,5th,1
2017-10,PROFESSIONALS,1st,392
2017-10,PROFESSIONALS,2nd,264
2017-10,PROFESSIONALS,3rd,54
2017-10,PROFESSIONALS,4th,9
2017-10,PROFESSIONALS,5th,3
2017-10,PROFESSIONALS,6th,1
2017-10,"SERVICE WKRS, SHOP, MARKET SALES WKRS",1st,105
2017-10,"SERVICE WKRS, SHOP, MARKET SALES WKRS",2nd,72
2017-10,"SERVICE WKRS, SHOP, MARKET SALES WKRS",3rd,37
2017-10,"SERVICE WKRS, SHOP, MARKET SALES WKRS",4th,10
2017-10,"SERVICE WKRS, SHOP, MARKET SALES WKRS",5th,4
2017-10,"SERVICE WKRS, SHOP, MARKET SALES WKRS",6th,3
2017-10,TECHNICIANS & ASSOCIATE PROFS,1st,610
2017-10,TECHNICIANS & ASSOCIATE PROFS,2nd,385
2017-10,TECHNICIANS & ASSOCIATE PROFS,3rd,130
2017-10,TECHNICIANS & ASSOCIATE PROFS,4th,25
2017-10,TECHNICIANS & ASSOCIATE PROFS,5th,9
2017-10,TECHNICIANS & ASSOCIATE PROFS,6th,1
2017-10,WKRS NOT CLASSIFIABLE BY OCCUPATION,1st,3
2017-10,WKRS NOT CLASSIFIABLE BY OCCUPATION,2nd,3
2017-11,CLERICAL WORKERS,1st,50
2017-11,CLERICAL WORKERS,2nd,54
2017-11,CLERICAL WORKERS,3rd,25
2017-11,CLERICAL WORKERS,4th,5
2017-11,CLERICAL WORKERS,5th,1
2017-11,"LEGISLATORS, SNR OFFICIALS & MGRS",1st,101
2017-11,"LEGISLATORS, SNR OFFICIALS & MGRS",2nd,95
2017-11,"LEGISLATORS, SNR OFFICIALS & MGRS",3rd,23
2017-11,"LEGISLATORS, SNR OFFICIALS & MGRS",4th,3
2017-11,"LEGISLATORS, SNR OFFICIALS & MGRS",7th,1
2017-11,PERSONS NOT ECONOMICALLY ACTIVE,1st,392
2017-11,PERSONS NOT ECONOMICALLY ACTIVE,2nd,327
2017-11,PERSONS NOT ECONOMICALLY ACTIVE,3rd,150
2017-11,PERSONS NOT ECONOMICALLY ACTIVE,4th,56
2017-11,PERSONS NOT ECONOMICALLY ACTIVE,5th,22
2017-11,PERSONS NOT ECONOMICALLY ACTIVE,6th,12
2017-11,PERSONS NOT ECONOMICALLY ACTIVE,7th,4
2017-11,PERSONS NOT ECONOMICALLY ACTIVE,9th & over,1
2017-11,PLANT/MACHINE OPERATORS & ASSEMBLERS,1st,1
2017-11,PRODUCTION CRAFTSMEN & REL WORKERS,2nd,1
2017-11,PRODUCTION CRAFTSMEN & REL WORKERS,3rd,1
2017-11,PROFESSIONALS,1st,392
2017-11,PROFESSIONALS,2nd,252
2017-11,PROFESSIONALS,3rd,53
2017-11,PROFESSIONALS,4th,6
2017-11,PROFESSIONALS,6th,2
2017-11,"SERVICE WKRS, SHOP, MARKET SALES WKRS",1st,119
2017-11,"SERVICE WKRS, SHOP, MARKET SALES WKRS",2nd,100
2017-11,"SERVICE WKRS, SHOP, MARKET SALES WKRS",3rd,39
2017-11,"SERVICE WKRS, SHOP, MARKET SALES WKRS",4th,15
2017-11,"SERVICE WKRS, SHOP, MARKET SALES WKRS",5th,4
2017-11,"SERVICE WKRS, SHOP, MARKET SALES WKRS",6th,4
2017-11,"SERVICE WKRS, SHOP, MARKET SALES WKRS",7th,1
2017-11,"SERVICE WKRS, SHOP, MARKET SALES WKRS",9th & over,1
2017-11,TECHNICIANS & ASSOCIATE PROFS,1st,601
2017-11,TECHNICIANS & ASSOCIATE PROFS,2nd,367
2017-11,TECHNICIANS & ASSOCIATE PROFS,3rd,98
2017-11,TECHNICIANS & ASSOCIATE PROFS,4th,21
2017-11,TECHNICIANS & ASSOCIATE PROFS,5th,9
2017-11,TECHNICIANS & ASSOCIATE PROFS,6th,1
2017-11,TECHNICIANS & ASSOCIATE PROFS,8th,1
2017-11,WKRS NOT CLASSIFIABLE BY OCCUPATION,1st,3
2017-11,WKRS NOT CLASSIFIABLE BY OCCUPATION,2nd,1
2017-11,WKRS NOT CLASSIFIABLE BY OCCUPATION,3rd,1
2017-11,WKRS NOT CLASSIFIABLE BY OCCUPATION,4th,2
2017-12,"CLEANERS, LABOURERS & REL WORKERS",1st,1
2017-12,"CLEANERS, LABOURERS & REL WORKERS",2nd,1
2017-12,CLERICAL WORKERS,1st,52
2017-12,CLERICAL WORKERS,2nd,37
2017-12,CLERICAL WORKERS,3rd,30
2017-12,CLERICAL WORKERS,4th,12
2017-12,CLERICAL WORKERS,5th,5
2017-12,CLERICAL WORKERS,6th,1
2017-12,"LEGISLATORS, SNR OFFICIALS & MGRS",1st,112
2017-12,"LEGISLATORS, SNR OFFICIALS & MGRS",2nd,82
2017-12,"LEGISLATORS, SNR OFFICIALS & MGRS",3rd,29
2017-12,"LEGISLATORS, SNR OFFICIALS & MGRS",4th,6
2017-12,"LEGISLATORS, SNR OFFICIALS & MGRS",5th,2
2017-12,"LEGISLATORS, SNR OFFICIALS & MGRS",6th,1
2017-12,PERSONS NOT ECONOMICALLY ACTIVE,1st,354
2017-12,PERSONS NOT ECONOMICALLY ACTIVE,2nd,336
2017-12,PERSONS NOT ECONOMICALLY ACTIVE,3rd,140
2017-12,PERSONS NOT ECONOMICALLY ACTIVE,4th,60
2017-12,PERSONS NOT ECONOMICALLY ACTIVE,5th,26
2017-12,PERSONS NOT ECONOMICALLY ACTIVE,6th,6
2017-12,PERSONS NOT ECONOMICALLY ACTIVE,7th,5
2017-12,PERSONS NOT ECONOMICALLY ACTIVE,8th,2
2017-12,PERSONS NOT ECONOMICALLY ACTIVE,9th & over,1
2017-12,PRODUCTION CRAFTSMEN & REL WORKERS,1st,6
2017-12,PRODUCTION CRAFTSMEN & REL WORKERS,2nd,1
2017-12,PRODUCTION CRAFTSMEN & REL WORKERS,4th,1
2017-12,PROFESSIONALS,1st,358
2017-12,PROFESSIONALS,2nd,247
2017-12,PROFESSIONALS,3rd,66
2017-12,PROFESSIONALS,4th,11
2017-12,PROFESSIONALS,5th,3
2017-12,"SERVICE WKRS, SHOP, MARKET SALES WKRS",1st,107
2017-12,"SERVICE WKRS, SHOP, MARKET SALES WKRS",2nd,80
2017-12,"SERVICE WKRS, SHOP, MARKET SALES WKRS",3rd,40
2017-12,"SERVICE WKRS, SHOP, MARKET SALES WKRS",4th,9
2017-12,"SERVICE WKRS, SHOP, MARKET SALES WKRS",5th,9
2017-12,"SERVICE WKRS, SHOP, MARKET SALES WKRS",6th,1
2017-12,TECHNICIANS & ASSOCIATE PROFS,1st,568
2017-12,TECHNICIANS & ASSOCIATE PROFS,2nd,361
2017-12,TECHNICIANS & ASSOCIATE PROFS,3rd,117
2017-12,TECHNICIANS & ASSOCIATE PROFS,4th,20
2017-12,TECHNICIANS & ASSOCIATE PROFS,5th,7
2017-12,TECHNICIANS & ASSOCIATE PROFS,6th,1
2017-12,TECHNICIANS & ASSOCIATE PROFS,7th,1
2017-12,WKRS NOT CLASSIFIABLE BY OCCUPATION,1st,2
2017-12,WKRS NOT CLASSIFIABLE BY OCCUPATION,3rd,1
2018-01,AGRICULTURAL & FISHERY WORKERS,2nd,1
2018-01,AGRICULTURAL & FISHERY WORKERS,3rd,1
2018-01,"CLEANERS, LABOURERS & REL WORKERS",3rd,1
2018-01,CLERICAL WORKERS,1st,47
2018-01,CLERICAL WORKERS,2nd,47
2018-01,CLERICAL WORKERS,3rd,30
2018-01,CLERICAL WORKERS,4th,8
2018-01,CLERICAL WORKERS,5th,3
2018-01,"LEGISLATORS, SNR OFFICIALS & MGRS",1st,111
2018-01,"LEGISLATORS, SNR OFFICIALS & MGRS",2nd,100
2018-01,"LEGISLATORS, SNR OFFICIALS & MGRS",3rd,23
2018-01,"LEGISLATORS, SNR OFFICIALS & MGRS",4th,5
2018-01,"LEGISLATORS, SNR OFFICIALS & MGRS",5th,1
2018-01,PERSONS NOT ECONOMICALLY ACTIVE,1st,356
2018-01,PERSONS NOT ECONOMICALLY ACTIVE,2nd,323
2018-01,PERSONS NOT ECONOMICALLY ACTIVE,3rd,134
2018-01,PERSONS NOT ECONOMICALLY ACTIVE,4th,52
2018-01,PERSONS NOT ECONOMICALLY ACTIVE,5th,20
2018-01,PERSONS NOT ECONOMICALLY ACTIVE,6th,8
2018-01,PERSONS NOT ECONOMICALLY ACTIVE,7th,1
2018-01,PERSONS NOT ECONOMICALLY ACTIVE,9th & over,1
2018-01,PRODUCTION CRAFTSMEN & REL WORKERS,1st,4
2018-01,PRODUCTION CRAFTSMEN & REL WORKERS,2nd,1
2018-01,PRODUCTION CRAFTSMEN & REL WORKERS,3rd,1
2018-01,PRODUCTION CRAFTSMEN & REL WORKERS,4th,1
2018-01,PROFESSIONALS,1st,356
2018-01,PROFESSIONALS,2nd,254
2018-01,PROFESSIONALS,3rd,71
2018-01,PROFESSIONALS,4th,7
2018-01,PROFESSIONALS,5th,2
2018-01,PROFESSIONALS,6th,3
2018-01,"SERVICE WKRS, SHOP, MARKET SALES WKRS",1st,124
2018-01,"SERVICE WKRS, SHOP, MARKET SALES WKRS",2nd,87
2018-01,"SERVICE WKRS, SHOP, MARKET SALES WKRS",3rd,42
2018-01,"SERVICE WKRS, SHOP, MARKET SALES WKRS",4th,16
2018-01,"SERVICE WKRS, SHOP, MARKET SALES WKRS",5th,3
2018-01,"SERVICE WKRS, SHOP, MARKET SALES WKRS",7th,1
2018-01,TECHNICIANS & ASSOCIATE PROFS,1st,569
2018-01,TECHNICIANS & ASSOCIATE PROFS,2nd,369
2018-01,TECHNICIANS & ASSOCIATE PROFS,3rd,107
2018-01,TECHNICIANS & ASSOCIATE PROFS,4th,21
2018-01,TECHNICIANS & ASSOCIATE PROFS,5th,3
2018-01,TECHNICIANS & ASSOCIATE PROFS,6th,1
2018-02,AGRICULTURAL & FISHERY WORKERS,1st,1
2018-02,"CLEANERS, LABOURERS & REL WORKERS",1st,1
2018-02,"CLEANERS, LABOURERS & REL WORKERS",2nd,2
2018-02,"CLEANERS, LABOURERS & REL WORKERS",3rd,1
2018-02,CLERICAL WORKERS,1st,42
2018-02,CLERICAL WORKERS,2nd,28
2018-02,CLERICAL WORKERS,3rd,18
2018-02,CLERICAL WORKERS,4th,5
2018-02,CLERICAL WORKERS,5th,3
2018-02,CLERICAL WORKERS,9th & over,1
2018-02,"LEGISLATORS, SNR OFFICIALS & MGRS",1st,106
2018-02,"LEGISLATORS, SNR OFFICIALS & MGRS",2nd,92
2018-02,"LEGISLATORS, SNR OFFICIALS & MGRS",3rd,19
2018-02,"LEGISLATORS, SNR OFFICIALS & MGRS",4th,4
2018-02,"LEGISLATORS, SNR OFFICIALS & MGRS",5th,1
2018-02,PERSONS NOT ECONOMICALLY ACTIVE,1st,311
2018-02,PERSONS NOT ECONOMICALLY ACTIVE,2nd,266
2018-02,PERSONS NOT ECONOMICALLY ACTIVE,3rd,120
2018-02,PERSONS NOT ECONOMICALLY ACTIVE,4th,57
2018-02,PERSONS NOT ECONOMICALLY ACTIVE,5th,21
2018-02,PERSONS NOT ECONOMICALLY ACTIVE,6th,5
2018-02,PERSONS NOT ECONOMICALLY ACTIVE,7th,4
2018-02,PERSONS NOT ECONOMICALLY ACTIVE,8th,1
2018-02,PERSONS NOT ECONOMICALLY ACTIVE,9th & over,1
2018-02,PRODUCTION CRAFTSMEN & REL WORKERS,2nd,2
2018-02,PRODUCTION CRAFTSMEN & REL WORKERS,3rd,2
2018-02,PROFESSIONALS,1st,352
2018-02,PROFESSIONALS,2nd,226
2018-02,PROFESSIONALS,3rd,66
2018-02,PROFESSIONALS,4th,9
2018-02,PROFESSIONALS,5th,1
2018-02,"SERVICE WKRS, SHOP, MARKET SALES WKRS",1st,89
2018-02,"SERVICE WKRS, SHOP, MARKET SALES WKRS",2nd,57
2018-02,"SERVICE WKRS, SHOP, MARKET SALES WKRS",3rd,31
2018-02,"SERVICE WKRS, SHOP, MARKET SALES WKRS",4th,18
2018-02,"SERVICE WKRS, SHOP, MARKET SALES WKRS",5th,5
2018-02,TECHNICIANS & ASSOCIATE PROFS,1st,491
2018-02,TECHNICIANS & ASSOCIATE PROFS,2nd,331
2018-02,TECHNICIANS & ASSOCIATE PROFS,3rd,100
2018-02,TECHNICIANS & ASSOCIATE PROFS,4th,17
2018-02,TECHNICIANS & ASSOCIATE PROFS,5th,4
2018-02,TECHNICIANS & ASSOCIATE PROFS,6th,2
2018-02,WKRS NOT CLASSIFIABLE BY OCCUPATION,2nd,2
2018-03,"CLEANERS, LABOURERS & REL WORKERS",2nd,1
2018-03,"CLEANERS, LABOURERS & REL WORKERS",5th,1
2018-03,CLERICAL WORKERS,1st,46
2018-03,CLERICAL WORKERS,2nd,48
2018-03,CLERICAL WORKERS,3rd,22
2018-03,CLERICAL WORKERS,4th,6
2018-03,CLERICAL WORKERS,5th,3
2018-03,"LEGISLATORS, SNR OFFICIALS & MGRS",1st,136
2018-03,"LEGISLATORS, SNR OFFICIALS & MGRS",2nd,107
2018-03,"LEGISLATORS, SNR OFFICIALS & MGRS",3rd,33
2018-03,"LEGISLATORS, SNR OFFICIALS & MGRS",4th,4
2018-03,"LEGISLATORS, SNR OFFICIALS & MGRS",5th,1
2018-03,PERSONS NOT ECONOMICALLY ACTIVE,1st,346
2018-03,PERSONS NOT ECONOMICALLY ACTIVE,2nd,300
2018-03,PERSONS NOT ECONOMICALLY ACTIVE,3rd,161
2018-03,PERSONS NOT ECONOMICALLY ACTIVE,4th,51
2018-03,PERSONS NOT ECONOMICALLY ACTIVE,5th,19
2018-03,PERSONS NOT ECONOMICALLY ACTIVE,6th,13
2018-03,PERSONS NOT ECONOMICALLY ACTIVE,7th,4
2018-03,PERSONS NOT ECONOMICALLY ACTIVE,8th,2
2018-03,PERSONS NOT ECONOMICALLY ACTIVE,9th & over,2
2018-03,PLANT/MACHINE OPERATORS & ASSEMBLERS,1st,1
2018-03,PLANT/MACHINE OPERATORS & ASSEMBLERS,3rd,1
2018-03,PRODUCTION CRAFTSMEN & REL WORKERS,1st,3
2018-03,PRODUCTION CRAFTSMEN & REL WORKERS,3rd,1
2018-03,PRODUCTION CRAFTSMEN & REL WORKERS,4th,1
2018-03,PROFESSIONALS,1st,370
2018-03,PROFESSIONALS,2nd,261
2018-03,PROFESSIONALS,3rd,62
2018-03,PROFESSIONALS,4th,14
2018-03,PROFESSIONALS,5th,1
2018-03,"SERVICE WKRS, SHOP, MARKET SALES WKRS",1st,113
2018-03,"SERVICE WKRS, SHOP, MARKET SALES WKRS",2nd,82
2018-03,"SERVICE WKRS, SHOP, MARKET SALES WKRS",3rd,35
2018-03,"SERVICE WKRS, SHOP, MARKET SALES WKRS",4th,17
2018-03,"SERVICE WKRS, SHOP, MARKET SALES WKRS",5th,3
2018-03,"SERVICE WKRS, SHOP, MARKET SALES WKRS",6th,1
2018-03,TECHNICIANS & ASSOCIATE PROFS,1st,564
2018-03,TECHNICIANS & ASSOCIATE PROFS,2nd,410
2018-03,TECHNICIANS & ASSOCIATE PROFS,3rd,98
2018-03,TECHNICIANS & ASSOCIATE PROFS,4th,17
2018-03,TECHNICIANS & ASSOCIATE PROFS,5th,2
2018-03,TECHNICIANS & ASSOCIATE PROFS,6th,3
2018-03,WKRS NOT CLASSIFIABLE BY OCCUPATION,5th,1
2018-04,AGRICULTURAL & FISHERY WORKERS,1st,1
2018-04,"CLEANERS, LABOURERS & REL WORKERS",1st,1
2018-04,"CLEANERS, LABOURERS & REL WORKERS",2nd,2
2018-04,CLERICAL WORKERS,1st,48
2018-04,CLERICAL WORKERS,2nd,40
2018-04,CLERICAL WORKERS,3rd,24
2018-04,CLERICAL WORKERS,4th,12
2018-04,CLERICAL WORKERS,5th,3
2018-04,CLERICAL WORKERS,6th,1
2018-04,CLERICAL WORKERS,9th & over,1
2018-04,"LEGISLATORS, SNR OFFICIALS & MGRS",1st,106
2018-04,"LEGISLATORS, SNR OFFICIALS & MGRS",2nd,88
2018-04,"LEGISLATORS, SNR OFFICIALS & MGRS",3rd,22
2018-04,"LEGISLATORS, SNR OFFICIALS & MGRS",4th,2
2018-04,PERSONS NOT ECONOMICALLY ACTIVE,1st,320
2018-04,PERSONS NOT ECONOMICALLY ACTIVE,2nd,314
2018-04,PERSONS NOT ECONOMICALLY ACTIVE,3rd,130
2018-04,PERSONS NOT ECONOMICALLY ACTIVE,4th,44
2018-04,PERSONS NOT ECONOMICALLY ACTIVE,5th,18
2018-04,PERSONS NOT ECONOMICALLY ACTIVE,6th,13
2018-04,PERSONS NOT ECONOMICALLY ACTIVE,7th,1
2018-04,PERSONS NOT ECONOMICALLY ACTIVE,8th,3
2018-04,PLANT/MACHINE OPERATORS & ASSEMBLERS,1st,2
2018-04,PLANT/MACHINE OPERATORS & ASSEMBLERS,3rd,1
2018-04,PLANT/MACHINE OPERATORS & ASSEMBLERS,5th,1
2018-04,PRODUCTION CRAFTSMEN & REL WORKERS,1st,3
2018-04,PRODUCTION CRAFTSMEN & REL WORKERS,2nd,1
2018-04,PRODUCTION CRAFTSMEN & REL WORKERS,4th,1
2018-04,PROFESSIONALS,1st,355
2018-04,PROFESSIONALS,2nd,236
2018-04,PROFESSIONALS,3rd,72
2018-04,PROFESSIONALS,4th,12
2018-04,"SERVICE WKRS, SHOP, MARKET SALES WKRS",1st,118
2018-04,"SERVICE WKRS, SHOP, MARKET SALES WKRS",2nd,74
2018-04,"SERVICE WKRS, SHOP, MARKET SALES WKRS",3rd,29
2018-04,"SERVICE WKRS, SHOP, MARKET SALES WKRS",4th,11
2018-04,"SERVICE WKRS, SHOP, MARKET SALES WKRS",5th,5
2018-04,"SERVICE WKRS, SHOP, MARKET SALES WKRS",6th,3
2018-04,"SERVICE WKRS, SHOP, MARKET SALES WKRS",7th,1
2018-04,"SERVICE WKRS, SHOP, MARKET SALES WKRS",8th,1
2018-04,TECHNICIANS & ASSOCIATE PROFS,1st,509
2018-04,TECHNICIANS & ASSOCIATE PROFS,2nd,329
2018-04,TECHNICIANS & ASSOCIATE PROFS,3rd,112
2018-04,TECHNICIANS & ASSOCIATE PROFS,4th,26
2018-04,TECHNICIANS & ASSOCIATE PROFS,5th,4
2018-04,TECHNICIANS & ASSOCIATE PROFS,6th,2
2018-04,WKRS NOT CLASSIFIABLE BY OCCUPATION,1st,3
2018-04,WKRS NOT CLASSIFIABLE BY OCCUPATION,2nd,3
2018-04,WKRS NOT CLASSIFIABLE BY OCCUPATION,3rd,1
2018-04,WKRS NOT CLASSIFIABLE BY OCCUPATION,4th,1
2018-05,"CLEANERS, LABOURERS & REL WORKERS",2nd,1
2018-05,"CLEANERS, LABOURERS & REL WORKERS",4th,1
2018-05,CLERICAL WORKERS,1st,60
2018-05,CLERICAL WORKERS,2nd,36
2018-05,CLERICAL WORKERS,3rd,21
2018-05,CLERICAL WORKERS,4th,8
2018-05,CLERICAL WORKERS,5th,3
2018-05,CLERICAL WORKERS,6th,1
2018-05,CLERICAL WORKERS,7th,1
2018-05,"LEGISLATORS, SNR OFFICIALS & MGRS",1st,110
2018-05,"LEGISLATORS, SNR OFFICIALS & MGRS",2nd,85
2018-05,"LEGISLATORS, SNR OFFICIALS & MGRS",3rd,23
2018-05,"LEGISLATORS, SNR OFFICIALS & MGRS",4th,1
2018-05,PERSONS NOT ECONOMICALLY ACTIVE,1st,333
2018-05,PERSONS NOT ECONOMICALLY ACTIVE,2nd,305
2018-05,PERSONS NOT ECONOMICALLY ACTIVE,3rd,134
2018-05,PERSONS NOT ECONOMICALLY ACTIVE,4th,75
2018-05,PERSONS NOT ECONOMICALLY ACTIVE,5th,19
2018-05,PERSONS NOT ECONOMICALLY ACTIVE,6th,11
2018-05,PERSONS NOT ECONOMICALLY ACTIVE,7th,6
2018-05,PLANT/MACHINE OPERATORS & ASSEMBLERS,1st,2
2018-05,PLANT/MACHINE OPERATORS & ASSEMBLERS,2nd,1
2018-05,PLANT/MACHINE OPERATORS & ASSEMBLERS,3rd,1
2018-05,PRODUCTION CRAFTSMEN & REL WORKERS,1st,3
2018-05,PRODUCTION CRAFTSMEN & REL WORKERS,2nd,3
2018-05,PRODUCTION CRAFTSMEN & REL WORKERS,3rd,1
2018-05,PROFESSIONALS,1st,360
2018-05,PROFESSIONALS,2nd,265
2018-05,PROFESSIONALS,3rd,61
2018-05,PROFESSIONALS,4th,14
2018-05,PROFESSIONALS,5th,2
2018-05,"SERVICE WKRS, SHOP, MARKET SALES WKRS",1st,104
2018-05,"SERVICE WKRS, SHOP, MARKET SALES WKRS",2nd,91
2018-05,"SERVICE WKRS, SHOP, MARKET SALES WKRS",3rd,37
2018-05,"SERVICE WKRS, SHOP, MARKET SALES WKRS",4th,11
2018-05,"SERVICE WKRS, SHOP, MARKET SALES WKRS",5th,6
2018-05,"SERVICE WKRS, SHOP, MARKET SALES WKRS",6th,2
2018-05,"SERVICE WKRS, SHOP, MARKET SALES WKRS",7th,1
2018-05,"SERVICE WKRS, SHOP, MARKET SALES WKRS",8th,1
2018-05,TECHNICIANS & ASSOCIATE PROFS,1st,511
2018-05,TECHNICIANS & ASSOCIATE PROFS,2nd,373
2018-05,TECHNICIANS & ASSOCIATE PROFS,3rd,88
2018-05,TECHNICIANS & ASSOCIATE PROFS,4th,22
2018-05,TECHNICIANS & ASSOCIATE PROFS,5th,2
2018-05,TECHNICIANS & ASSOCIATE PROFS,6th,1
2018-05,WKRS NOT CLASSIFIABLE BY OCCUPATION,1st,1
2018-05,WKRS NOT CLASSIFIABLE BY OCCUPATION,2nd,1
2018-05,WKRS NOT CLASSIFIABLE BY OCCUPATION,5th,1
2018-06,"CLEANERS, LABOURERS & REL WORKERS",1st,1
2018-06,"CLEANERS, LABOURERS & REL WORKERS",2nd,1
2018-06,CLERICAL WORKERS,1st,38
2018-06,CLERICAL WORKERS,2nd,43
2018-06,CLERICAL WORKERS,3rd,25
2018-06,CLERICAL WORKERS,4th,8
2018-06,CLERICAL WORKERS,5th,7
2018-06,"LEGISLATORS, SNR OFFICIALS & MGRS",1st,90
2018-06,"LEGISLATORS, SNR OFFICIALS & MGRS",2nd,72
2018-06,"LEGISLATORS, SNR OFFICIALS & MGRS",3rd,25
2018-06,"LEGISLATORS, SNR OFFICIALS & MGRS",4th,6
2018-06,PERSONS NOT ECONOMICALLY ACTIVE,1st,332
2018-06,PERSONS NOT ECONOMICALLY ACTIVE,2nd,279
2018-06,PERSONS NOT ECONOMICALLY ACTIVE,3rd,142
2018-06,PERSONS NOT ECONOMICALLY ACTIVE,4th,60
2018-06,PERSONS NOT ECONOMICALLY ACTIVE,5th,14
2018-06,PERSONS NOT ECONOMICALLY ACTIVE,6th,9
2018-06,PERSONS NOT ECONOMICALLY ACTIVE,7th,1
2018-06,PLANT/MACHINE OPERATORS & ASSEMBLERS,2nd,1
2018-06,PLANT/MACHINE OPERATORS & ASSEMBLERS,3rd,1
2018-06,PLANT/MACHINE OPERATORS & ASSEMBLERS,4th,1
2018-06,PRODUCTION CRAFTSMEN & REL WORKERS,1st,6
2018-06,PRODUCTION CRAFTSMEN & REL WORKERS,2nd,1
2018-06,PRODUCTION CRAFTSMEN & REL WORKERS,3rd,1
2018-06,PROFESSIONALS,1st,391
2018-06,PROFESSIONALS,2nd,272
2018-06,PROFESSIONALS,3rd,70
2018-06,PROFESSIONALS,4th,16
2018-06,"SERVICE WKRS, SHOP, MARKET SALES WKRS",1st,116
2018-06,"SERVICE WKRS, SHOP, MARKET SALES WKRS",2nd,80
2018-06,"SERVICE WKRS, SHOP, MARKET SALES WKRS",3rd,44
2018-06,"SERVICE WKRS, SHOP, MARKET SALES WKRS",4th,20
2018-06,"SERVICE WKRS, SHOP, MARKET SALES WKRS",5th,6
2018-06,"SERVICE WKRS, SHOP, MARKET SALES WKRS",6th,1
2018-06,"SERVICE WKRS, SHOP, MARKET SALES WKRS",7th,2
2018-06,"SERVICE WKRS, SHOP, MARKET SALES WKRS",8th,1
2018-06,"SERVICE WKRS, SHOP, MARKET SALES WKRS",9th & over,1
2018-06,TECHNICIANS & ASSOCIATE PROFS,1st,459
2018-06,TECHNICIANS & ASSOCIATE PROFS,2nd,338
2018-06,TECHNICIANS & ASSOCIATE PROFS,3rd,102
2018-06,TECHNICIANS & ASSOCIATE PROFS,4th,22
2018-06,TECHNICIANS & ASSOCIATE PROFS,5th,3
2018-06,TECHNICIANS & ASSOCIATE PROFS,7th,1
2018-06,WKRS NOT CLASSIFIABLE BY OCCUPATION,1st,4
2018-06,WKRS NOT CLASSIFIABLE BY OCCUPATION,2nd,3
2018-06,WKRS NOT CLASSIFIABLE BY OCCUPATION,3rd,1
2018-07,AGRICULTURAL & FISHERY WORKERS,1st,1
2018-07,AGRICULTURAL & FISHERY WORKERS,2nd,1
2018-07,"CLEANERS, LABOURERS & REL WORKERS",2nd,1
2018-07,"CLEANERS, LABOURERS & REL WORKERS",3rd,1
2018-07,"CLEANERS, LABOURERS & REL WORKERS",4th,1
2018-07,CLERICAL WORKERS,1st,49
2018-07,CLERICAL WORKERS,2nd,47
2018-07,CLERICAL WORKERS,3rd,15
2018-07,CLERICAL WORKERS,4th,3
2018-07,CLERICAL WORKERS,5th,7
2018-07,"LEGISLATORS, SNR OFFICIALS & MGRS",1st,78
2018-07,"LEGISLATORS, SNR OFFICIALS & MGRS",2nd,50
2018-07,"LEGISLATORS, SNR OFFICIALS & MGRS",3rd,20
2018-07,"LEGISLATORS, SNR OFFICIALS & MGRS",4th,2
2018-07,"LEGISLATORS, SNR OFFICIALS & MGRS",5th,1
2018-07,PERSONS NOT ECONOMICALLY ACTIVE,1st,312
2018-07,PERSONS NOT ECONOMICALLY ACTIVE,2nd,308
2018-07,PERSONS NOT ECONOMICALLY ACTIVE,3rd,131
2018-07,PERSONS NOT ECONOMICALLY ACTIVE,4th,58
2018-07,PERSONS NOT ECONOMICALLY ACTIVE,5th,18
2018-07,PERSONS NOT ECONOMICALLY ACTIVE,6th,10
2018-07,PERSONS NOT ECONOMICALLY ACTIVE,7th,1
2018-07,PERSONS NOT ECONOMICALLY ACTIVE,8th,1
2018-07,PERSONS NOT ECONOMICALLY ACTIVE,9th & over,4
2018-07,PLANT/MACHINE OPERATORS & ASSEMBLERS,2nd,1
2018-07,PRODUCTION CRAFTSMEN & REL WORKERS,1st,5
2018-07,PRODUCTION CRAFTSMEN & REL WORKERS,2nd,2
2018-07,PRODUCTION CRAFTSMEN & REL WORKERS,3rd,1
2018-07,PROFESSIONALS,1st,386
2018-07,PROFESSIONALS,2nd,279
2018-07,PROFESSIONALS,3rd,81
2018-07,PROFESSIONALS,4th,11
2018-07,"SERVICE WKRS, SHOP, MARKET SALES WKRS",1st,109
2018-07,"SERVICE WKRS, SHOP, MARKET SALES WKRS",2nd,86
2018-07,"SERVICE WKRS, SHOP, MARKET SALES WKRS",3rd,42
2018-07,"SERVICE WKRS, SHOP, MARKET SALES WKRS",4th,17
2018-07,"SERVICE WKRS, SHOP, MARKET SALES WKRS",5th,7
2018-07,"SERVICE WKRS, SHOP, MARKET SALES WKRS",6th,3
2018-07,"SERVICE WKRS, SHOP, MARKET SALES WKRS",8th,1
2018-07,TECHNICIANS & ASSOCIATE PROFS,1st,481
2018-07,TECHNICIANS & ASSOCIATE PROFS,2nd,361
2018-07,TECHNICIANS & ASSOCIATE PROFS,3rd,98
2018-07,TECHNICIANS & ASSOCIATE PROFS,4th,22
2018-07,TECHNICIANS & ASSOCIATE PROFS,5th,3
2018-07,TECHNICIANS & ASSOCIATE PROFS,6th,1
2018-07,WKRS NOT CLASSIFIABLE BY OCCUPATION,1st,27
2018-07,WKRS NOT CLASSIFIABLE BY OCCUPATION,2nd,21
2018-07,WKRS NOT CLASSIFIABLE BY OCCUPATION,3rd,4
2018-07,WKRS NOT CLASSIFIABLE BY OCCUPATION,5th,1
2018-07,WKRS NOT CLASSIFIABLE BY OCCUPATION,7th,2
2018-08,"CLEANERS, LABOURERS & REL WORKERS",2nd,1
2018-08,CLERICAL WORKERS,1st,47
2018-08,CLERICAL WORKERS,2nd,50
2018-08,CLERICAL WORKERS,3rd,28
2018-08,CLERICAL WORKERS,4th,5
2018-08,CLERICAL WORKERS,5th,2
2018-08,CLERICAL WORKERS,7th,1
2018-08,"LEGISLATORS, SNR OFFICIALS & MGRS",1st,62
2018-08,"LEGISLATORS, SNR OFFICIALS & MGRS",2nd,62
2018-08,"LEGISLATORS, SNR OFFICIALS & MGRS",3rd,18
2018-08,"LEGISLATORS, SNR OFFICIALS & MGRS",4th,3
2018-08,PERSONS NOT ECONOMICALLY ACTIVE,1st,351
2018-08,PERSONS NOT ECONOMICALLY ACTIVE,2nd,291
2018-08,PERSONS NOT ECONOMICALLY ACTIVE,3rd,140
2018-08,PERSONS NOT ECONOMICALLY ACTIVE,4th,47
2018-08,PERSONS NOT ECONOMICALLY ACTIVE,5th,16
2018-08,PERSONS NOT ECONOMICALLY ACTIVE,6th,8
2018-08,PERSONS NOT ECONOMICALLY ACTIVE,7th,4
2018-08,PERSONS NOT ECONOMICALLY ACTIVE,8th,1
2018-08,PRODUCTION CRAFTSMEN & REL WORKERS,1st,4
2018-08,PRODUCTION CRAFTSMEN & REL WORKERS,2nd,1
2018-08,PRODUCTION CRAFTSMEN & REL WORKERS,3rd,1
2018-08,PROFESSIONALS,1st,409
2018-08,PROFESSIONALS,2nd,287
2018-08,PROFESSIONALS,3rd,71
2018-08,PROFESSIONALS,4th,8
2018-08,PROFESSIONALS,5th,1
2018-08,"SERVICE WKRS, SHOP, MARKET SALES WKRS",1st,115
2018-08,"SERVICE WKRS, SHOP, MARKET SALES WKRS",2nd,86
2018-08,"SERVICE WKRS, SHOP, MARKET SALES WKRS",3rd,36
2018-08,"SERVICE WKRS, SHOP, MARKET SALES WKRS",4th,22
2018-08,"SERVICE WKRS, SHOP, MARKET SALES WKRS",5th,7
2018-08,"SERVICE WKRS, SHOP, MARKET SALES WKRS",6th,4
2018-08,"SERVICE WKRS, SHOP, MARKET SALES WKRS",9th & over,1
2018-08,TECHNICIANS & ASSOCIATE PROFS,1st,532
2018-08,TECHNICIANS & ASSOCIATE PROFS,2nd,368
2018-08,TECHNICIANS & ASSOCIATE PROFS,3rd,108
2018-08,TECHNICIANS & ASSOCIATE PROFS,4th,24
2018-08,TECHNICIANS & ASSOCIATE PROFS,5th,3
2018-08,WKRS NOT CLASSIFIABLE BY OCCUPATION,1st,31
2018-08,WKRS NOT CLASSIFIABLE BY OCCUPATION,2nd,16
2018-08,WKRS NOT CLASSIFIABLE BY OCCUPATION,3rd,4
2018-08,WKRS NOT CLASSIFIABLE BY OCCUPATION,4th,2
2018-08,WKRS NOT CLASSIFIABLE BY OCCUPATION,6th,1
2018-09,"CLEANERS, LABOURERS & REL WORKERS",2nd,3
2018-09,"CLEANERS, LABOURERS & REL WORKERS",3rd,1
2018-09,"CLEANERS, LABOURERS & REL WORKERS",9th & over,1
2018-09,CLERICAL WORKERS,1st,53
2018-09,CLERICAL WORKERS,2nd,50
2018-09,CLERICAL WORKERS,3rd,27
2018-09,CLERICAL WORKERS,4th,7
2018-09,CLERICAL WORKERS,5th,2
2018-09,"LEGISLATORS, SNR OFFICIALS & MGRS",1st,66
2018-09,"LEGISLATORS, SNR OFFICIALS & MGRS",2nd,71
2018-09,"LEGISLATORS, SNR OFFICIALS & MGRS",3rd,17
2018-09,"LEGISLATORS, SNR OFFICIALS & MGRS",4th,4
2018-09,"LEGISLATORS, SNR OFFICIALS & MGRS",5th,1
2018-09,PERSONS NOT ECONOMICALLY ACTIVE,1st,337
2018-09,PERSONS NOT ECONOMICALLY ACTIVE,2nd,322
2018-09,PERSONS NOT ECONOMICALLY ACTIVE,3rd,129
2018-09,PERSONS NOT ECONOMICALLY ACTIVE,4th,53
2018-09,PERSONS NOT ECONOMICALLY ACTIVE,5th,29
2018-09,PERSONS NOT ECONOMICALLY ACTIVE,6th,6
2018-09,PERSONS NOT ECONOMICALLY ACTIVE,7th,1
2018-09,PERSONS NOT ECONOMICALLY ACTIVE,8th,2
2018-09,PLANT/MACHINE OPERATORS & ASSEMBLERS,1st,1
2018-09,PLANT/MACHINE OPERATORS & ASSEMBLERS,2nd,1
2018-09,PRODUCTION CRAFTSMEN & REL WORKERS,1st,2
2018-09,PRODUCTION CRAFTSMEN & REL WORKERS,3rd,1
2018-09,PROFESSIONALS,1st,447
2018-09,PROFESSIONALS,2nd,321
2018-09,PROFESSIONALS,3rd,77
2018-09,PROFESSIONALS,4th,14
2018-09,PROFESSIONALS,5th,3
2018-09,"SERVICE WKRS, SHOP, MARKET SALES WKRS",1st,116
2018-09,"SERVICE WKRS, SHOP, MARKET SALES WKRS",2nd,81
2018-09,"SERVICE WKRS, SHOP, MARKET SALES WKRS",3rd,62
2018-09,"SERVICE WKRS, SHOP, MARKET SALES WKRS",4th,12
2018-09,"SERVICE WKRS, SHOP, MARKET SALES WKRS",5th,12
2018-09,"SERVICE WKRS, SHOP, MARKET SALES WKRS",6th,1
2018-09,"SERVICE WKRS, SHOP, MARKET SALES WKRS",7th,1
2018-09,"SERVICE WKRS, SHOP, MARKET SALES WKRS",8th,1
2018-09,TECHNICIANS & ASSOCIATE PROFS,1st,516
2018-09,TECHNICIANS & ASSOCIATE PROFS,2nd,344
2018-09,TECHNICIANS & ASSOCIATE PROFS,3rd,105
2018-09,TECHNICIANS & ASSOCIATE PROFS,4th,20
2018-09,TECHNICIANS & ASSOCIATE PROFS,5th,3
2018-09,TECHNICIANS & ASSOCIATE PROFS,6th,1
2018-09,TECHNICIANS & ASSOCIATE PROFS,7th,1
2018-09,WKRS NOT CLASSIFIABLE BY OCCUPATION,1st,37
2018-09,WKRS NOT CLASSIFIABLE BY OCCUPATION,2nd,20
2018-09,WKRS NOT CLASSIFIABLE BY OCCUPATION,3rd,6
2018-09,WKRS NOT CLASSIFIABLE BY OCCUPATION,4th,2
2018-10,AGRICULTURAL & FISHERY WORKERS,2nd,1
2018-10,"CLEANERS, LABOURERS & REL WORKERS",1st,2
2018-10,"CLEANERS, LABOURERS & REL WORKERS",2nd,3
2018-10,CLERICAL WORKERS,1st,55
2018-10,CLERICAL WORKERS,2nd,55
2018-10,CLERICAL WORKERS,3rd,27
2018-10,CLERICAL WORKERS,4th,8
2018-10,CLERICAL WORKERS,5th,2
2018-10,"LEGISLATORS, SNR OFFICIALS & MGRS",1st,66
2018-10,"LEGISLATORS, SNR OFFICIALS & MGRS",2nd,59
2018-10,"LEGISLATORS, SNR OFFICIALS & MGRS",3rd,21
2018-10,"LEGISLATORS, SNR OFFICIALS & MGRS",4th,4
2018-10,"LEGISLATORS, SNR OFFICIALS & MGRS",5th,1
2018-10,PERSONS NOT ECONOMICALLY ACTIVE,1st,381
2018-10,PERSONS NOT ECONOMICALLY ACTIVE,2nd,332
2018-10,PERSONS NOT ECONOMICALLY ACTIVE,3rd,141
2018-10,PERSONS NOT ECONOMICALLY ACTIVE,4th,49
2018-10,PERSONS NOT ECONOMICALLY ACTIVE,5th,24
2018-10,PERSONS NOT ECONOMICALLY ACTIVE,6th,8
2018-10,PERSONS NOT ECONOMICALLY ACTIVE,7th,4
2018-10,PERSONS NOT ECONOMICALLY ACTIVE,9th & over,1
2018-10,PLANT/MACHINE OPERATORS & ASSEMBLERS,1st,1
2018-10,PLANT/MACHINE OPERATORS & ASSEMBLERS,2nd,1
2018-10,PLANT/MACHINE OPERATORS & ASSEMBLERS,3rd,1
2018-10,PRODUCTION CRAFTSMEN & REL WORKERS,2nd,2
2018-10,PRODUCTION CRAFTSMEN & REL WORKERS,3rd,2
2018-10,PRODUCTION CRAFTSMEN & REL WORKERS,4th,1
2018-10,PROFESSIONALS,1st,475
2018-10,PROFESSIONALS,2nd,305
2018-10,PROFESSIONALS,3rd,80
2018-10,PROFESSIONALS,4th,15
2018-10,PROFESSIONALS,5th,2
2018-10,"SERVICE WKRS, SHOP, MARKET SALES WKRS",1st,132
2018-10,"SERVICE WKRS, SHOP, MARKET SALES WKRS",2nd,116
2018-10,"SERVICE WKRS, SHOP, MARKET SALES WKRS",3rd,36
2018-10,"SERVICE WKRS, SHOP, MARKET SALES WKRS",4th,22
2018-10,"SERVICE WKRS, SHOP, MARKET SALES WKRS",5th,7
2018-10,"SERVICE WKRS, SHOP, MARKET SALES WKRS",6th,4
2018-10,"SERVICE WKRS, SHOP, MARKET SALES WKRS",7th,1
2018-10,TECHNICIANS & ASSOCIATE PROFS,1st,500
2018-10,TECHNICIANS & ASSOCIATE PROFS,2nd,363
2018-10,TECHNICIANS & ASSOCIATE PROFS,3rd,98
2018-10,TECHNICIANS & ASSOCIATE PROFS,4th,25
2018-10,TECHNICIANS & ASSOCIATE PROFS,5th,3
2018-10,TECHNICIANS & ASSOCIATE PROFS,6th,2
2018-10,WKRS NOT CLASSIFIABLE BY OCCUPATION,1st,39
2018-10,WKRS NOT CLASSIFIABLE BY OCCUPATION,2nd,23
2018-10,WKRS NOT CLASSIFIABLE BY OCCUPATION,3rd,4
2018-10,WKRS NOT CLASSIFIABLE BY OCCUPATION,4th,7
2018-10,WKRS NOT CLASSIFIABLE BY OCCUPATION,5th,1
2018-10,WKRS NOT CLASSIFIABLE BY OCCUPATION,9th & over,1
2018-11,"CLEANERS, LABOURERS & REL WORKERS",1st,1
2018-11,"CLEANERS, LABOURERS & REL WORKERS",6th,1
2018-11,"CLEANERS, LABOURERS & REL WORKERS",9th & over,1
2018-11,CLERICAL WORKERS,1st,60
2018-11,CLERICAL WORKERS,2nd,60
2018-11,CLERICAL WORKERS,3rd,32
2018-11,CLERICAL WORKERS,4th,8
2018-11,CLERICAL WORKERS,5th,1
2018-11,CLERICAL WORKERS,6th,2
2018-11,"LEGISLATORS, SNR OFFICIALS & MGRS",1st,64
2018-11,"LEGISLATORS, SNR OFFICIALS & MGRS",2nd,55
2018-11,"LEGISLATORS, SNR OFFICIALS & MGRS",3rd,24
2018-11,"LEGISLATORS, SNR OFFICIALS & MGRS",4th,4
2018-11,"LEGISLATORS, SNR OFFICIALS & MGRS",5th,2
2018-11,PERSONS NOT ECONOMICALLY ACTIVE,1st,345
2018-11,PERSONS NOT ECONOMICALLY ACTIVE,2nd,313
2018-11,PERSONS NOT ECONOMICALLY ACTIVE,3rd,146
2018-11,PERSONS NOT ECONOMICALLY ACTIVE,4th,51
2018-11,PERSONS NOT ECONOMICALLY ACTIVE,5th,25
2018-11,PERSONS NOT ECONOMICALLY ACTIVE,6th,13
2018-11,PERSONS NOT ECONOMICALLY ACTIVE,7th,3
2018-11,PERSONS NOT ECONOMICALLY ACTIVE,8th,3
2018-11,PERSONS NOT ECONOMICALLY ACTIVE,9th & over,1
2018-11,PLANT/MACHINE OPERATORS & ASSEMBLERS,2nd,1
2018-11,PLANT/MACHINE OPERATORS & ASSEMBLERS,3rd,2
2018-11,PRODUCTION CRAFTSMEN & REL WORKERS,1st,2
2018-11,PRODUCTION CRAFTSMEN & REL WORKERS,2nd,1
2018-11,PRODUCTION CRAFTSMEN & REL WORKERS,4th,1
2018-11,PROFESSIONALS,1st,433
2018-11,PROFESSIONALS,2nd,296
2018-11,PROFESSIONALS,3rd,71
2018-11,PROFESSIONALS,4th,8
2018-11,PROFESSIONALS,5th,1
2018-11,"SERVICE WKRS, SHOP, MARKET SALES WKRS",1st,125
2018-11,"SERVICE WKRS, SHOP, MARKET SALES WKRS",2nd,116
2018-11,"SERVICE WKRS, SHOP, MARKET SALES WKRS",3rd,46
2018-11,"SERVICE WKRS, SHOP, MARKET SALES WKRS",4th,14
2018-11,"SERVICE WKRS, SHOP, MARKET SALES WKRS",5th,4
2018-11,"SERVICE WKRS, SHOP, MARKET SALES WKRS",6th,1
2018-11,"SERVICE WKRS, SHOP, MARKET SALES WKRS",7th,1
2018-11,"SERVICE WKRS, SHOP, MARKET SALES WKRS",9th & over,1
2018-11,TECHNICIANS & ASSOCIATE PROFS,1st,467
2018-11,TECHNICIANS & ASSOCIATE PROFS,2nd,347
2018-11,TECHNICIANS & ASSOCIATE PROFS,3rd,95
2018-11,TECHNICIANS & ASSOCIATE PROFS,4th,27
2018-11,TECHNICIANS & ASSOCIATE PROFS,5th,2
2018-11,TECHNICIANS & ASSOCIATE PROFS,6th,1
2018-11,WKRS NOT CLASSIFIABLE BY OCCUPATION,1st,42
2018-11,WKRS NOT CLASSIFIABLE BY OCCUPATION,2nd,22
2018-11,WKRS NOT CLASSIFIABLE BY OCCUPATION,3rd,24
2018-11,WKRS NOT CLASSIFIABLE BY OCCUPATION,4th,5
2018-11,WKRS NOT CLASSIFIABLE BY OCCUPATION,7th,1
2018-12,AGRICULTURAL & FISHERY WORKERS,1st,2
2018-12,AGRICULTURAL & FISHERY WORKERS,2nd,1
2018-12,"CLEANERS, LABOURERS & REL WORKERS",2nd,1
2018-12,"CLEANERS, LABOURERS & REL WORKERS",3rd,2
2018-12,"CLEANERS, LABOURERS & REL WORKERS",5th,1
2018-12,CLERICAL WORKERS,1st,52
2018-12,CLERICAL WORKERS,2nd,45
2018-12,CLERICAL WORKERS,3rd,28
2018-12,CLERICAL WORKERS,4th,6
2018-12,CLERICAL WORKERS,5th,4
2018-12,"LEGISLATORS, SNR OFFICIALS & MGRS",1st,60
2018-12,"LEGISLATORS, SNR OFFICIALS & MGRS",2nd,67
2018-12,"LEGISLATORS, SNR OFFICIALS & MGRS",3rd,19
2018-12,"LEGISLATORS, SNR OFFICIALS & MGRS",4th,4
2018-12,PERSONS NOT ECONOMICALLY ACTIVE,1st,333
2018-12,PERSONS NOT ECONOMICALLY ACTIVE,2nd,346
2018-12,PERSONS NOT ECONOMICALLY ACTIVE,3rd,128
2018-12,PERSONS NOT ECONOMICALLY ACTIVE,4th,63
2018-12,PERSONS NOT ECONOMICALLY ACTIVE,5th,20
2018-12,PERSONS NOT ECONOMICALLY ACTIVE,6th,14
2018-12,PERSONS NOT ECONOMICALLY ACTIVE,7th,5
2018-12,PERSONS NOT ECONOMICALLY ACTIVE,8th,2
2018-12,PERSONS NOT ECONOMICALLY ACTIVE,9th & over,1
2018-12,PLANT/MACHINE OPERATORS & ASSEMBLERS,2nd,1
2018-12,PRODUCTION CRAFTSMEN & REL WORKERS,1st,2
2018-12,PRODUCTION CRAFTSMEN & REL WORKERS,3rd,2
2018-12,PRODUCTION CRAFTSMEN & REL WORKERS,4th,1
2018-12,PROFESSIONALS,1st,454
2018-12,PROFESSIONALS,2nd,282
2018-12,PROFESSIONALS,3rd,70
2018-12,PROFESSIONALS,4th,10
2018-12,PROFESSIONALS,5th,1
2018-12,"SERVICE WKRS, SHOP, MARKET SALES WKRS",1st,134
2018-12,"SERVICE WKRS, SHOP, MARKET SALES WKRS",2nd,99
2018-12,"SERVICE WKRS, SHOP, MARKET SALES WKRS",3rd,32
2018-12,"SERVICE WKRS, SHOP, MARKET SALES WKRS",4th,13
2018-12,"SERVICE WKRS, SHOP, MARKET SALES WKRS",5th,3
2018-12,"SERVICE WKRS, SHOP, MARKET SALES WKRS",6th,3
2018-12,"SERVICE WKRS, SHOP, MARKET SALES WKRS",7th,2
2018-12,TECHNICIANS & ASSOCIATE PROFS,1st,420
2018-12,TECHNICIANS & ASSOCIATE PROFS,2nd,317
2018-12,TECHNICIANS & ASSOCIATE PROFS,3rd,79
2018-12,TECHNICIANS & ASSOCIATE PROFS,4th,19
2018-12,TECHNICIANS & ASSOCIATE PROFS,5th,3
2018-12,WKRS NOT CLASSIFIABLE BY OCCUPATION,1st,64
2018-12,WKRS NOT CLASSIFIABLE BY OCCUPATION,2nd,40
2018-12,WKRS NOT CLASSIFIABLE BY OCCUPATION,3rd,22
2018-12,WKRS NOT CLASSIFIABLE BY OCCUPATION,4th,7
2018-12,WKRS NOT CLASSIFIABLE BY OCCUPATION,5th,2
2018-12,WKRS NOT CLASSIFIABLE BY OCCUPATION,6th,1
2018-12,WKRS NOT CLASSIFIABLE BY OCCUPATION,7th,1
2019-01,AGRICULTURAL & FISHERY WORKERS,2nd,1
2019-01,AGRICULTURAL & FISHERY WORKERS,7th,1
2019-01,"CLEANERS, LABOURERS & REL WORKERS",1st,1
2019-01,"CLEANERS, LABOURERS & REL WORKERS",4th,1
2019-01,"CLEANERS, LABOURERS & REL WORKERS",5th,1
2019-01,CLERICAL WORKERS,1st,62
2019-01,CLERICAL WORKERS,2nd,53
2019-01,CLERICAL WORKERS,3rd,36
2019-01,CLERICAL WORKERS,4th,10
2019-01,CLERICAL WORKERS,5th,1
2019-01,CLERICAL WORKERS,7th,1
2019-01,"LEGISLATORS, SNR OFFICIALS & MGRS",1st,93
2019-01,"LEGISLATORS, SNR OFFICIALS & MGRS",2nd,39
2019-01,"LEGISLATORS, SNR OFFICIALS & MGRS",3rd,13
2019-01,"LEGISLATORS, SNR OFFICIALS & MGRS",4th,1
2019-01,PERSONS NOT ECONOMICALLY ACTIVE,1st,341
2019-01,PERSONS NOT ECONOMICALLY ACTIVE,2nd,286
2019-01,PERSONS NOT ECONOMICALLY ACTIVE,3rd,122
2019-01,PERSONS NOT ECONOMICALLY ACTIVE,4th,55
2019-01,PERSONS NOT ECONOMICALLY ACTIVE,5th,18
2019-01,PERSONS NOT ECONOMICALLY ACTIVE,6th,6
2019-01,PERSONS NOT ECONOMICALLY ACTIVE,7th,3
2019-01,PERSONS NOT ECONOMICALLY ACTIVE,8th,5
2019-01,PERSONS NOT ECONOMICALLY ACTIVE,9th & over,2
2019-01,PLANT/MACHINE OPERATORS & ASSEMBLERS,1st,1
2019-01,PRODUCTION CRAFTSMEN & REL WORKERS,1st,3
2019-01,PRODUCTION CRAFTSMEN & REL WORKERS,2nd,3
2019-01,PRODUCTION CRAFTSMEN & REL WORKERS,3rd,1
2019-01,PRODUCTION CRAFTSMEN & REL WORKERS,4th,1
2019-01,PROFESSIONALS,1st,457
2019-01,PROFESSIONALS,2nd,309
2019-01,PROFESSIONALS,3rd,73
2019-01,PROFESSIONALS,4th,11
2019-01,PROFESSIONALS,5th,1
2019-01,"SERVICE WKRS, SHOP, MARKET SALES WKRS",1st,139
2019-01,"SERVICE WKRS, SHOP, MARKET SALES WKRS",2nd,76
2019-01,"SERVICE WKRS, SHOP, MARKET SALES WKRS",3rd,21
2019-01,"SERVICE WKRS, SHOP, MARKET SALES WKRS",4th,10
2019-01,"SERVICE WKRS, SHOP, MARKET SALES WKRS",5th,4
2019-01,"SERVICE WKRS, SHOP, MARKET SALES WKRS",6th,2
2019-01,"SERVICE WKRS, SHOP, MARKET SALES WKRS",7th,1
2019-01,TECHNICIANS & ASSOCIATE PROFS,1st,415
2019-01,TECHNICIANS & ASSOCIATE PROFS,2nd,324
2019-01,TECHNICIANS & ASSOCIATE PROFS,3rd,89
2019-01,TECHNICIANS & ASSOCIATE PROFS,4th,16
2019-01,TECHNICIANS & ASSOCIATE PROFS,5th,1
2019-01,TECHNICIANS & ASSOCIATE PROFS,6th,2
2019-01,WKRS NOT CLASSIFIABLE BY OCCUPATION,1st,64
2019-01,WKRS NOT CLASSIFIABLE BY OCCUPATION,2nd,40
2019-01,WKRS NOT CLASSIFIABLE BY OCCUPATION,3rd,7
2019-01,WKRS NOT CLASSIFIABLE BY OCCUPATION,4th,9
2019-01,WKRS NOT CLASSIFIABLE BY OCCUPATION,5th,3
2019-02,"CLEANERS, LABOURERS & REL WORKERS",2nd,3
2019-02,"CLEANERS, LABOURERS & REL WORKERS",3rd,1
2019-02,CLERICAL WORKERS,1st,66
2019-02,CLERICAL WORKERS,2nd,36
2019-02,CLERICAL WORKERS,3rd,25
2019-02,CLERICAL WORKERS,4th,6
2019-02,CLERICAL WORKERS,5th,9
2019-02,CLERICAL WORKERS,7th,1
2019-02,"LEGISLATORS, SNR OFFICIALS & MGRS",1st,59
2019-02,"LEGISLATORS, SNR OFFICIALS & MGRS",2nd,41
2019-02,"LEGISLATORS, SNR OFFICIALS & MGRS",3rd,11
2019-02,"LEGISLATORS, SNR OFFICIALS & MGRS",4th,8
2019-02,"LEGISLATORS, SNR OFFICIALS & MGRS",5th,1
2019-02,PERSONS NOT ECONOMICALLY ACTIVE,1st,269
2019-02,PERSONS NOT ECONOMICALLY ACTIVE,2nd,253
2019-02,PERSONS NOT ECONOMICALLY ACTIVE,3rd,109
2019-02,PERSONS NOT ECONOMICALLY ACTIVE,4th,49
2019-02,PERSONS NOT ECONOMICALLY ACTIVE,5th,16
2019-02,PERSONS NOT ECONOMICALLY ACTIVE,6th,13
2019-02,PERSONS NOT ECONOMICALLY ACTIVE,7th,2
2019-02,PERSONS NOT ECONOMICALLY ACTIVE,8th,2
2019-02,PERSONS NOT ECONOMICALLY ACTIVE,9th & over,3
2019-02,PLANT/MACHINE OPERATORS & ASSEMBLERS,1st,1
2019-02,PLANT/MACHINE OPERATORS & ASSEMBLERS,2nd,1
2019-02,PRODUCTION CRAFTSMEN & REL WORKERS,1st,1
2019-02,PRODUCTION CRAFTSMEN & REL WORKERS,2nd,5
2019-02,PROFESSIONALS,1st,393
2019-02,PROFESSIONALS,2nd,267
2019-02,PROFESSIONALS,3rd,71
2019-02,PROFESSIONALS,4th,13
2019-02,PROFESSIONALS,5th,4
2019-02,"SERVICE WKRS, SHOP, MARKET SALES WKRS",1st,96
2019-02,"SERVICE WKRS, SHOP, MARKET SALES WKRS",2nd,81
2019-02,"SERVICE WKRS, SHOP, MARKET SALES WKRS",3rd,39
2019-02,"SERVICE WKRS, SHOP, MARKET SALES WKRS",4th,7
2019-02,"SERVICE WKRS, SHOP, MARKET SALES WKRS",5th,7
2019-02,"SERVICE WKRS, SHOP, MARKET SALES WKRS",7th,1
2019-02,TECHNICIANS & ASSOCIATE PROFS,1st,394
2019-02,TECHNICIANS & ASSOCIATE PROFS,2nd,261
2019-02,TECHNICIANS & ASSOCIATE PROFS,3rd,74
2019-02,TECHNICIANS & ASSOCIATE PROFS,4th,12
2019-02,TECHNICIANS & ASSOCIATE PROFS,5th,5
2019-02,WKRS NOT CLASSIFIABLE BY OCCUPATION,1st,85
2019-02,WKRS NOT CLASSIFIABLE BY OCCUPATION,2nd,56
2019-02,WKRS NOT CLASSIFIABLE BY OCCUPATION,3rd,29
2019-02,WKRS NOT CLASSIFIABLE BY OCCUPATION,4th,4
2019-02,WKRS NOT CLASSIFIABLE BY OCCUPATION,5th,3
2019-02,WKRS NOT CLASSIFIABLE BY OCCUPATION,8th,1
2019-03,AGRICULTURAL & FISHERY WORKERS,1st,2
2019-03,"CLEANERS, LABOURERS & REL WORKERS",1st,2
2019-03,"CLEANERS, LABOURERS & REL WORKERS",2nd,1
2019-03,"CLEANERS, LABOURERS & REL WORKERS",3rd,1
2019-03,"CLEANERS, LABOURERS & REL WORKERS",4th,1
2019-03,CLERICAL WORKERS,1st,60
2019-03,CLERICAL WORKERS,2nd,66
2019-03,CLERICAL WORKERS,3rd,39
2019-03,CLERICAL WORKERS,4th,10
2019-03,CLERICAL WORKERS,6th,1
2019-03,CLERICAL WORKERS,7th,1
2019-03,CLERICAL WORKERS,9th & over,1
2019-03,"LEGISLATORS, SNR OFFICIALS & MGRS",1st,79
2019-03,"LEGISLATORS, SNR OFFICIALS & MGRS",2nd,73
2019-03,"LEGISLATORS, SNR OFFICIALS & MGRS",3rd,13
2019-03,"LEGISLATORS, SNR OFFICIALS & MGRS",4th,2
2019-03,"LEGISLATORS, SNR OFFICIALS & MGRS",6th,1
2019-03,PERSONS NOT ECONOMICALLY ACTIVE,1st,312
2019-03,PERSONS NOT ECONOMICALLY ACTIVE,2nd,286
2019-03,PERSONS NOT ECONOMICALLY ACTIVE,3rd,142
2019-03,PERSONS NOT ECONOMICALLY ACTIVE,4th,57
2019-03,PERSONS NOT ECONOMICALLY ACTIVE,5th,21
2019-03,PERSONS NOT ECONOMICALLY ACTIVE,6th,16
2019-03,PERSONS NOT ECONOMICALLY ACTIVE,7th,4
2019-03,PERSONS NOT ECONOMICALLY ACTIVE,8th,3
2019-03,PERSONS NOT ECONOMICALLY ACTIVE,9th & over,2
2019-03,PRODUCTION CRAFTSMEN & REL WORKERS,1st,2
2019-03,PRODUCTION CRAFTSMEN & REL WORKERS,2nd,1
2019-03,PROFESSIONALS,1st,467
2019-03,PROFESSIONALS,2nd,312
2019-03,PROFESSIONALS,3rd,79
2019-03,PROFESSIONALS,4th,12
2019-03,PROFESSIONALS,5th,1
2019-03,PROFESSIONALS,6th,1
2019-03,"SERVICE WKRS, SHOP, MARKET SALES WKRS",1st,91
2019-03,"SERVICE WKRS, SHOP, MARKET SALES WKRS",2nd,89
2019-03,"SERVICE WKRS, SHOP, MARKET SALES WKRS",3rd,40
2019-03,"SERVICE WKRS, SHOP, MARKET SALES WKRS",4th,11
2019-03,"SERVICE WKRS, SHOP, MARKET SALES WKRS",5th,5
2019-03,"SERVICE WKRS, SHOP, MARKET SALES WKRS",8th,1
2019-03,TECHNICIANS & ASSOCIATE PROFS,1st,412
2019-03,TECHNICIANS & ASSOCIATE PROFS,2nd,305
2019-03,TECHNICIANS & ASSOCIATE PROFS,3rd,71
2019-03,TECHNICIANS & ASSOCIATE PROFS,4th,9
2019-03,TECHNICIANS & ASSOCIATE PROFS,5th,2
2019-03,TECHNICIANS & ASSOCIATE PROFS,6th,3
2019-03,TECHNICIANS & ASSOCIATE PROFS,7th,1
2019-03,WKRS NOT CLASSIFIABLE BY OCCUPATION,1st,89
2019-03,WKRS NOT CLASSIFIABLE BY OCCUPATION,2nd,48
2019-03,WKRS NOT CLASSIFIABLE BY OCCUPATION,3rd,22
2019-03,WKRS NOT CLASSIFIABLE BY OCCUPATION,4th,1
2019-03,WKRS NOT CLASSIFIABLE BY OCCUPATION,5th,2
2019-04,AGRICULTURAL & FISHERY WORKERS,3rd,1
2019-04,AGRICULTURAL & FISHERY WORKERS,5th,1
2019-04,"CLEANERS, LABOURERS & REL WORKERS",1st,1
2019-04,"CLEANERS, LABOURERS & REL WORKERS",3rd,1
2019-04,"CLEANERS, LABOURERS & REL WORKERS",4th,1
2019-04,CLERICAL WORKERS,1st,65
2019-04,CLERICAL WORKERS,2nd,61
2019-04,CLERICAL WORKERS,3rd,19
2019-04,CLERICAL WORKERS,4th,13
2019-04,CLERICAL WORKERS,5th,3
2019-04,"LEGISLATORS, SNR OFFICIALS & MGRS",1st,70
2019-04,"LEGISLATORS, SNR OFFICIALS & MGRS",2nd,39
2019-04,"LEGISLATORS, SNR OFFICIALS & MGRS",3rd,15
2019-04,"LEGISLATORS, SNR OFFICIALS & MGRS",4th,6
2019-04,"LEGISLATORS, SNR OFFICIALS & MGRS",5th,2
2019-04,"LEGISLATORS, SNR OFFICIALS & MGRS",6th,1
2019-04,PERSONS NOT ECONOMICALLY ACTIVE,1st,278
2019-04,PERSONS NOT ECONOMICALLY ACTIVE,2nd,288
2019-04,PERSONS NOT ECONOMICALLY ACTIVE,3rd,124
2019-04,PERSONS NOT ECONOMICALLY ACTIVE,4th,51
2019-04,PERSONS NOT ECONOMICALLY ACTIVE,5th,25
2019-04,PERSONS NOT ECONOMICALLY ACTIVE,6th,7
2019-04,PERSONS NOT ECONOMICALLY ACTIVE,7th,4
2019-04,PERSONS NOT ECONOMICALLY ACTIVE,8th,1
2019-04,PERSONS NOT ECONOMICALLY ACTIVE,9th & over,1
2019-04,PLANT/MACHINE OPERATORS & ASSEMBLERS,3rd,1
2019-04,PLANT/MACHINE OPERATORS & ASSEMBLERS,4th,1
2019-04,PRODUCTION CRAFTSMEN & REL WORKERS,1st,2
2019-04,PRODUCTION CRAFTSMEN & REL WORKERS,2nd,1
2019-04,PRODUCTION CRAFTSMEN & REL WORKERS,3rd,3
2019-04,PRODUCTION CRAFTSMEN & REL WORKERS,5th,1
2019-04,PROFESSIONALS,1st,477
2019-04,PROFESSIONALS,2nd,328
2019-04,PROFESSIONALS,3rd,86
2019-04,PROFESSIONALS,4th,6
2019-04,PROFESSIONALS,5th,5
2019-04,PROFESSIONALS,7th,1
2019-04,"SERVICE WKRS, SHOP, MARKET SALES WKRS",1st,127
2019-04,"SERVICE WKRS, SHOP, MARKET SALES WKRS",2nd,105
2019-04,"SERVICE WKRS, SHOP, MARKET SALES WKRS",3rd,36
2019-04,"SERVICE WKRS, SHOP, MARKET SALES WKRS",4th,9
2019-04,"SERVICE WKRS, SHOP, MARKET SALES WKRS",5th,2
2019-04,"SERVICE WKRS, SHOP, MARKET SALES WKRS",6th,3
2019-04,TECHNICIANS & ASSOCIATE PROFS,1st,315
2019-04,TECHNICIANS & ASSOCIATE PROFS,2nd,261
2019-04,TECHNICIANS & ASSOCIATE PROFS,3rd,55
2019-04,TECHNICIANS & ASSOCIATE PROFS,4th,12
2019-04,TECHNICIANS & ASSOCIATE PROFS,5th,2
2019-04,WKRS NOT CLASSIFIABLE BY OCCUPATION,1st,104
2019-04,WKRS NOT CLASSIFIABLE BY OCCUPATION,2nd,64
2019-04,WKRS NOT CLASSIFIABLE BY OCCUPATION,3rd,26
2019-04,WKRS NOT CLASSIFIABLE BY OCCUPATION,4th,9
2019-04,WKRS NOT CLASSIFIABLE BY OCCUPATION,5th,3
2019-04,WKRS NOT CLASSIFIABLE BY OCCUPATION,6th,2
2019-04,WKRS NOT CLASSIFIABLE BY OCCUPATION,8th,1
2019-05,"CLEANERS, LABOURERS & REL WORKERS",8th,1
2019-05,CLERICAL WORKERS,1st,78
2019-05,CLERICAL WORKERS,2nd,50
2019-05,CLERICAL WORKERS,3rd,28
2019-05,CLERICAL WORKERS,4th,10
2019-05,CLERICAL WORKERS,5th,6
2019-05,CLERICAL WORKERS,6th,1
2019-05,"LEGISLATORS, SNR OFFICIALS & MGRS",1st,64
2019-05,"LEGISLATORS, SNR OFFICIALS & MGRS",2nd,45
2019-05,"LEGISLATORS, SNR OFFICIALS & MGRS",3rd,15
2019-05,"LEGISLATORS, SNR OFFICIALS & MGRS",4th,4
2019-05,"LEGISLATORS, SNR OFFICIALS & MGRS",5th,1
2019-05,PERSONS NOT ECONOMICALLY ACTIVE,1st,327
2019-05,PERSONS NOT ECONOMICALLY ACTIVE,2nd,282
2019-05,PERSONS NOT ECONOMICALLY ACTIVE,3rd,135
2019-05,PERSONS NOT ECONOMICALLY ACTIVE,4th,45
2019-05,PERSONS NOT ECONOMICALLY ACTIVE,5th,20
2019-05,PERSONS NOT ECONOMICALLY ACTIVE,6th,21
2019-05,PERSONS NOT ECONOMICALLY ACTIVE,7th,4
2019-05,PERSONS NOT ECONOMICALLY ACTIVE,8th,1
2019-05,PLANT/MACHINE OPERATORS & ASSEMBLERS,1st,2
2019-05,PRODUCTION CRAFTSMEN & REL WORKERS,1st,4
2019-05,PRODUCTION CRAFTSMEN & REL WORKERS,2nd,1
2019-05,PRODUCTION CRAFTSMEN & REL WORKERS,3rd,2
2019-05,PROFESSIONALS,1st,457
2019-05,PROFESSIONALS,2nd,327
2019-05,PROFESSIONALS,3rd,101
2019-05,PROFESSIONALS,4th,18
2019-05,PROFESSIONALS,5th,3
2019-05,PROFESSIONALS,7th,1
2019-05,"SERVICE WKRS, SHOP, MARKET SALES WKRS",1st,110
2019-05,"SERVICE WKRS, SHOP, MARKET SALES WKRS",2nd,86
2019-05,"SERVICE WKRS, SHOP, MARKET SALES WKRS",3rd,51
2019-05,"SERVICE WKRS, SHOP, MARKET SALES WKRS",4th,11
2019-05,"SERVICE WKRS, SHOP, MARKET SALES WKRS",5th,5
2019-05,"SERVICE WKRS, SHOP, MARKET SALES WKRS",6th,1
2019-05,TECHNICIANS & ASSOCIATE PROFS,1st,314
2019-05,TECHNICIANS & ASSOCIATE PROFS,2nd,256
2019-05,TECHNICIANS & ASSOCIATE PROFS,3rd,61
2019-05,TECHNICIANS & ASSOCIATE PROFS,4th,13
2019-05,TECHNICIANS & ASSOCIATE PROFS,5th,2
2019-05,TECHNICIANS & ASSOCIATE PROFS,6th,1
2019-05,WKRS NOT CLASSIFIABLE BY OCCUPATION,1st,148
2019-05,WKRS NOT CLASSIFIABLE BY OCCUPATION,2nd,75
2019-05,WKRS NOT CLASSIFIABLE BY OCCUPATION,3rd,44
2019-05,WKRS NOT CLASSIFIABLE BY OCCUPATION,4th,4
2019-05,WKRS NOT CLASSIFIABLE BY OCCUPATION,5th,5
2019-05,WKRS NOT CLASSIFIABLE BY OCCUPATION,6th,1
2019-06,AGRICULTURAL & FISHERY WORKERS,3rd,1
2019-06,"CLEANERS, LABOURERS & REL WORKERS",1st,1
2019-06,"CLEANERS, LABOURERS & REL WORKERS",3rd,2
2019-06,CLERICAL WORKERS,1st,64
2019-06,CLERICAL WORKERS,2nd,67
2019-06,CLERICAL WORKERS,3rd,25
2019-06,CLERICAL WORKERS,4th,9
2019-06,CLERICAL WORKERS,5th,2
2019-06,CLERICAL WORKERS,8th,1
2019-06,"LEGISLATORS, SNR OFFICIALS & MGRS",1st,54
2019-06,"LEGISLATORS, SNR OFFICIALS & MGRS",2nd,49
2019-06,"LEGISLATORS, SNR OFFICIALS & MGRS",3rd,20
2019-06,"LEGISLATORS, SNR OFFICIALS & MGRS",4th,3
2019-06,PERSONS NOT ECONOMICALLY ACTIVE,1st,317
2019-06,PERSONS NOT ECONOMICALLY ACTIVE,2nd,273
2019-06,PERSONS NOT ECONOMICALLY ACTIVE,3rd,119
2019-06,PERSONS NOT ECONOMICALLY ACTIVE,4th,44
2019-06,PERSONS NOT ECONOMICALLY ACTIVE,5th,21
2019-06,PERSONS NOT ECONOMICALLY ACTIVE,6th,10
2019-06,PERSONS NOT ECONOMICALLY ACTIVE,7th,6
2019-06,PERSONS NOT ECONOMICALLY ACTIVE,9th & over,2
2019-06,PLANT/MACHINE OPERATORS & ASSEMBLERS,1st,2
2019-06,PLANT/MACHINE OPERATORS & ASSEMBLERS,2nd,1
2019-06,PRODUCTION CRAFTSMEN & REL WORKERS,1st,3
2019-06,PRODUCTION CRAFTSMEN & REL WORKERS,2nd,4
2019-06,PRODUCTION CRAFTSMEN & REL WORKERS,4th,1
2019-06,PROFESSIONALS,1st,441
2019-06,PROFESSIONALS,2nd,318
2019-06,PROFESSIONALS,3rd,69
2019-06,PROFESSIONALS,4th,20
2019-06,PROFESSIONALS,5th,1
2019-06,PROFESSIONALS,6th,1
2019-06,"SERVICE WKRS, SHOP, MARKET SALES WKRS",1st,130
2019-06,"SERVICE WKRS, SHOP, MARKET SALES WKRS",2nd,76
2019-06,"SERVICE WKRS, SHOP, MARKET SALES WKRS",3rd,38
2019-06,"SERVICE WKRS, SHOP, MARKET SALES WKRS",4th,12
2019-06,"SERVICE WKRS, SHOP, MARKET SALES WKRS",5th,1
2019-06,"SERVICE WKRS, SHOP, MARKET SALES WKRS",6th,2
2019-06,"SERVICE WKRS, SHOP, MARKET SALES WKRS",7th,1
2019-06,TECHNICIANS & ASSOCIATE PROFS,1st,250
2019-06,TECHNICIANS & ASSOCIATE PROFS,2nd,192
2019-06,TECHNICIANS & ASSOCIATE PROFS,3rd,48
2019-06,TECHNICIANS & ASSOCIATE PROFS,4th,16
2019-06,TECHNICIANS & ASSOCIATE PROFS,5th,7
2019-06,WKRS NOT CLASSIFIABLE BY OCCUPATION,1st,179
2019-06,WKRS NOT CLASSIFIABLE BY OCCUPATION,2nd,138
2019-06,WKRS NOT CLASSIFIABLE BY OCCUPATION,3rd,49
2019-06,WKRS NOT CLASSIFIABLE BY OCCUPATION,4th,18
2019-06,WKRS NOT CLASSIFIABLE BY OCCUPATION,5th,6
2019-06,WKRS NOT CLASSIFIABLE BY OCCUPATION,6th,2
2019-06,WKRS NOT CLASSIFIABLE BY OCCUPATION,7th,2
2019-06,WKRS NOT CLASSIFIABLE BY OCCUPATION,8th,1
2019-07,"CLEANERS, LABOURERS & REL WORKERS",1st,2
2019-07,"CLEANERS, LABOURERS & REL WORKERS",2nd,1
2019-07,"CLEANERS, LABOURERS & REL WORKERS",3rd,1
2019-07,"CLEANERS, LABOURERS & REL WORKERS",4th,2
2019-07,CLERICAL WORKERS,1st,81
2019-07,CLERICAL WORKERS,2nd,91
2019-07,CLERICAL WORKERS,3rd,26
2019-07,CLERICAL WORKERS,4th,9
2019-07,CLERICAL WORKERS,5th,1
2019-07,"LEGISLATORS, SNR OFFICIALS & MGRS",1st,79
2019-07,"LEGISLATORS, SNR OFFICIALS & MGRS",2nd,53
2019-07,"LEGISLATORS, SNR OFFICIALS & MGRS",3rd,22
2019-07,"LEGISLATORS, SNR OFFICIALS & MGRS",4th,4
2019-07,PERSONS NOT ECONOMICALLY ACTIVE,1st,314
2019-07,PERSONS NOT ECONOMICALLY ACTIVE,2nd,294
2019-07,PERSONS NOT ECONOMICALLY ACTIVE,3rd,112
2019-07,PERSONS NOT ECONOMICALLY ACTIVE,4th,55
2019-07,PERSONS NOT ECONOMICALLY ACTIVE,5th,14
2019-07,PERSONS NOT ECONOMICALLY ACTIVE,6th,8
2019-07,PERSONS NOT ECONOMICALLY ACTIVE,7th,5
2019-07,PERSONS NOT ECONOMICALLY ACTIVE,8th,1
2019-07,PERSONS NOT ECONOMICALLY ACTIVE,9th & over,1
2019-07,PLANT/MACHINE OPERATORS & ASSEMBLERS,2nd,1
2019-07,PRODUCTION CRAFTSMEN & REL WORKERS,1st,4
2019-07,PRODUCTION CRAFTSMEN & REL WORKERS,2nd,2
2019-07,PRODUCTION CRAFTSMEN & REL WORKERS,3rd,2
2019-07,PRODUCTION CRAFTSMEN & REL WORKERS,4th,2
2019-07,PROFESSIONALS,1st,511
2019-07,PROFESSIONALS,2nd,340
2019-07,PROFESSIONALS,3rd,103
2019-07,PROFESSIONALS,4th,15
2019-07,PROFESSIONALS,5th,1
2019-07,PROFESSIONALS,6th,2
2019-07,"SERVICE WKRS, SHOP, MARKET SALES WKRS",1st,145
2019-07,"SERVICE WKRS, SHOP, MARKET SALES WKRS",2nd,88
2019-07,"SERVICE WKRS, SHOP, MARKET SALES WKRS",3rd,36
2019-07,"SERVICE WKRS, SHOP, MARKET SALES WKRS",4th,16
2019-07,"SERVICE WKRS, SHOP, MARKET SALES WKRS",5th,6
2019-07,"SERVICE WKRS, SHOP, MARKET SALES WKRS",6th,1
2019-07,TECHNICIANS & ASSOCIATE PROFS,1st,268
2019-07,TECHNICIANS & ASSOCIATE PROFS,2nd,206
2019-07,TECHNICIANS & ASSOCIATE PROFS,3rd,53
2019-07,TECHNICIANS & ASSOCIATE PROFS,4th,13
2019-07,TECHNICIANS & ASSOCIATE PROFS,5th,1
2019-07,WKRS NOT CLASSIFIABLE BY OCCUPATION,1st,190
2019-07,WKRS NOT CLASSIFIABLE BY OCCUPATION,2nd,127
2019-07,WKRS NOT CLASSIFIABLE BY OCCUPATION,3rd,39
2019-07,WKRS NOT CLASSIFIABLE BY OCCUPATION,4th,19
2019-07,WKRS NOT CLASSIFIABLE BY OCCUPATION,5th,2
2019-07,WKRS NOT CLASSIFIABLE BY OCCUPATION,6th,3
2019-08,"CLEANERS, LABOURERS & REL WORKERS",1st,3
2019-08,"CLEANERS, LABOURERS & REL WORKERS",2nd,1
2019-08,CLERICAL WORKERS,1st,60
2019-08,CLERICAL WORKERS,2nd,52
2019-08,CLERICAL WORKERS,3rd,23
2019-08,CLERICAL WORKERS,4th,6
2019-08,CLERICAL WORKERS,5th,1
2019-08,CLERICAL WORKERS,7th,1
2019-08,"LEGISLATORS, SNR OFFICIALS & MGRS",1st,97
2019-08,"LEGISLATORS, SNR OFFICIALS & MGRS",2nd,59
2019-08,"LEGISLATORS, SNR OFFICIALS & MGRS",3rd,20
2019-08,"LEGISLATORS, SNR OFFICIALS & MGRS",4th,2
2019-08,PERSONS NOT ECONOMICALLY ACTIVE,1st,314
2019-08,PERSONS NOT ECONOMICALLY ACTIVE,2nd,260
2019-08,PERSONS NOT ECONOMICALLY ACTIVE,3rd,97
2019-08,PERSONS NOT ECONOMICALLY ACTIVE,4th,65
2019-08,PERSONS NOT ECONOMICALLY ACTIVE,5th,23
2019-08,PERSONS NOT ECONOMICALLY ACTIVE,6th,6
2019-08,PERSONS NOT ECONOMICALLY ACTIVE,7th,2
2019-08,PERSONS NOT ECONOMICALLY ACTIVE,8th,2
2019-08,PLANT/MACHINE OPERATORS & ASSEMBLERS,1st,1
2019-08,PLANT/MACHINE OPERATORS & ASSEMBLERS,2nd,1
2019-08,PRODUCTION CRAFTSMEN & REL WORKERS,1st,3
2019-08,PRODUCTION CRAFTSMEN & REL WORKERS,2nd,1
2019-08,PRODUCTION CRAFTSMEN & REL WORKERS,3rd,2
2019-08,PROFESSIONALS,1st,516
2019-08,PROFESSIONALS,2nd,368
2019-08,PROFESSIONALS,3rd,96
2019-08,PROFESSIONALS,4th,22
2019-08,PROFESSIONALS,5th,6
2019-08,PROFESSIONALS,6th,2
2019-08,"SERVICE WKRS, SHOP, MARKET SALES WKRS",1st,139
2019-08,"SERVICE WKRS, SHOP, MARKET SALES WKRS",2nd,92
2019-08,"SERVICE WKRS, SHOP, MARKET SALES WKRS",3rd,37
2019-08,"SERVICE WKRS, SHOP, MARKET SALES WKRS",4th,15
2019-08,"SERVICE WKRS, SHOP, MARKET SALES WKRS",5th,8
2019-08,"SERVICE WKRS, SHOP, MARKET SALES WKRS",6th,1
2019-08,TECHNICIANS & ASSOCIATE PROFS,1st,226
2019-08,TECHNICIANS & ASSOCIATE PROFS,2nd,149
2019-08,TECHNICIANS & ASSOCIATE PROFS,3rd,51
2019-08,TECHNICIANS & ASSOCIATE PROFS,4th,8
2019-08,TECHNICIANS & ASSOCIATE PROFS,5th,2
2019-08,WKRS NOT CLASSIFIABLE BY OCCUPATION,1st,211
2019-08,WKRS NOT CLASSIFIABLE BY OCCUPATION,2nd,124
2019-08,WKRS NOT CLASSIFIABLE BY OCCUPATION,3rd,37
2019-08,WKRS NOT CLASSIFIABLE BY OCCUPATION,4th,14
2019-08,WKRS NOT CLASSIFIABLE BY OCCUPATION,5th,8
2019-08,WKRS NOT CLASSIFIABLE BY OCCUPATION,6th,4
2019-08,WKRS NOT CLASSIFIABLE BY OCCUPATION,7th,1
2019-09,CLERICAL WORKERS,1st,58
2019-09,CLERICAL WORKERS,2nd,52
2019-09,CLERICAL WORKERS,3rd,30
2019-09,CLERICAL WORKERS,4th,7
2019-09,CLERICAL WORKERS,5th,2
2019-09,CLERICAL WORKERS,6th,1
2019-09,CLERICAL WORKERS,7th,1
2019-09,CLERICAL WORKERS,8th,2
2019-09,"LEGISLATORS, SNR OFFICIALS & MGRS",1st,49
2019-09,"LEGISLATORS, SNR OFFICIALS & MGRS",2nd,67
2019-09,"LEGISLATORS, SNR OFFICIALS & MGRS",3rd,10
2019-09,"LEGISLATORS, SNR OFFICIALS & MGRS",4th,2
2019-09,PERSONS NOT ECONOMICALLY ACTIVE,1st,324
2019-09,PERSONS NOT ECONOMICALLY ACTIVE,2nd,263
2019-09,PERSONS NOT ECONOMICALLY ACTIVE,3rd,128
2019-09,PERSONS NOT ECONOMICALLY ACTIVE,4th,55
2019-09,PERSONS NOT ECONOMICALLY ACTIVE,5th,23
2019-09,PERSONS NOT ECONOMICALLY ACTIVE,6th,10
2019-09,PERSONS NOT ECONOMICALLY ACTIVE,7th,6
2019-09,PERSONS NOT ECONOMICALLY ACTIVE,8th,3
2019-09,PLANT/MACHINE OPERATORS & ASSEMBLERS,3rd,1
2019-09,PLANT/MACHINE OPERATORS & ASSEMBLERS,7th,1
2019-09,PRODUCTION CRAFTSMEN & REL WORKERS,2nd,1
2019-09,PROFESSIONALS,1st,704
2019-09,PROFESSIONALS,2nd,419
2019-09,PROFESSIONALS,3rd,121
2019-09,PROFESSIONALS,4th,23
2019-09,PROFESSIONALS,5th,1
2019-09,"SERVICE WKRS, SHOP, MARKET SALES WKRS",1st,107
2019-09,"SERVICE WKRS, SHOP, MARKET SALES WKRS",2nd,77
2019-09,"SERVICE WKRS, SHOP, MARKET SALES WKRS",3rd,44
2019-09,"SERVICE WKRS, SHOP, MARKET SALES WKRS",4th,20
2019-09,"SERVICE WKRS, SHOP, MARKET SALES WKRS",5th,4
2019-09,"SERVICE WKRS, SHOP, MARKET SALES WKRS",6th,2
2019-09,TECHNICIANS & ASSOCIATE PROFS,1st,202
2019-09,TECHNICIANS & ASSOCIATE PROFS,2nd,164
2019-09,TECHNICIANS & ASSOCIATE PROFS,3rd,51
2019-09,TECHNICIANS & ASSOCIATE PROFS,4th,5
2019-09,TECHNICIANS & ASSOCIATE PROFS,5th,1
2019-09,TECHNICIANS & ASSOCIATE PROFS,6th,1
2019-09,TECHNICIANS & ASSOCIATE PROFS,7th,1
2019-09,TECHNICIANS & ASSOCIATE PROFS,8th,1
2019-09,WKRS NOT CLASSIFIABLE BY OCCUPATION,1st,204
2019-09,WKRS NOT CLASSIFIABLE BY OCCUPATION,2nd,140
2019-09,WKRS NOT CLASSIFIABLE BY OCCUPATION,3rd,49
2019-09,WKRS NOT CLASSIFIABLE BY OCCUPATION,4th,7
2019-09,WKRS NOT CLASSIFIABLE BY OCCUPATION,5th,3
2019-09,WKRS NOT CLASSIFIABLE BY OCCUPATION,6th,2
2019-09,WKRS NOT CLASSIFIABLE BY OCCUPATION,7th,1
2019-09,WKRS NOT CLASSIFIABLE BY OCCUPATION,8th,2
2019-10,"CLEANERS, LABOURERS & REL WORKERS",1st,1
2019-10,"CLEANERS, LABOURERS & REL WORKERS",2nd,1
2019-10,"CLEANERS, LABOURERS & REL WORKERS",3rd,1
2019-10,"CLEANERS, LABOURERS & REL WORKERS",6th,2
2019-10,CLERICAL WORKERS,1st,65
2019-10,CLERICAL WORKERS,2nd,53
2019-10,CLERICAL WORKERS,3rd,18
2019-10,CLERICAL WORKERS,4th,8
2019-10,CLERICAL WORKERS,5th,1
2019-10,CLERICAL WORKERS,6th,1
2019-10,"LEGISLATORS, SNR OFFICIALS & MGRS",1st,70
2019-10,"LEGISLATORS, SNR OFFICIALS & MGRS",2nd,56
2019-10,"LEGISLATORS, SNR OFFICIALS & MGRS",3rd,17
2019-10,"LEGISLATORS, SNR OFFICIALS & MGRS",4th,3
2019-10,"LEGISLATORS, SNR OFFICIALS & MGRS",5th,1
2019-10,PERSONS NOT ECONOMICALLY ACTIVE,1st,306
2019-10,PERSONS NOT ECONOMICALLY ACTIVE,2nd,280
2019-10,PERSONS NOT ECONOMICALLY ACTIVE,3rd,122
2019-10,PERSONS NOT ECONOMICALLY ACTIVE,4th,51
2019-10,PERSONS NOT ECONOMICALLY ACTIVE,5th,18
2019-10,PERSONS NOT ECONOMICALLY ACTIVE,6th,10
2019-10,PERSONS NOT ECONOMICALLY ACTIVE,7th,5
2019-10,PERSONS NOT ECONOMICALLY ACTIVE,8th,3
2019-10,PERSONS NOT ECONOMICALLY ACTIVE,9th & over,1
2019-10,PRODUCTION CRAFTSMEN & REL WORKERS,3rd,1
2019-10,PRODUCTION CRAFTSMEN & REL WORKERS,4th,1
2019-10,PROFESSIONALS,1st,698
2019-10,PROFESSIONALS,2nd,453
2019-10,PROFESSIONALS,3rd,103
2019-10,PROFESSIONALS,4th,24
2019-10,PROFESSIONALS,5th,6
2019-10,"SERVICE WKRS, SHOP, MARKET SALES WKRS",1st,109
2019-10,"SERVICE WKRS, SHOP, MARKET SALES WKRS",2nd,86
2019-10,"SERVICE WKRS, SHOP, MARKET SALES WKRS",3rd,26
2019-10,"SERVICE WKRS, SHOP, MARKET SALES WKRS",4th,9
2019-10,"SERVICE WKRS, SHOP, MARKET SALES WKRS",5th,3
2019-10,TECHNICIANS & ASSOCIATE PROFS,1st,182
2019-10,TECHNICIANS & ASSOCIATE PROFS,2nd,157
2019-10,TECHNICIANS & ASSOCIATE PROFS,3rd,39
2019-10,TECHNICIANS & ASSOCIATE PROFS,4th,9
2019-10,TECHNICIANS & ASSOCIATE PROFS,5th,6
2019-10,WKRS NOT CLASSIFIABLE BY OCCUPATION,1st,254
2019-10,WKRS NOT CLASSIFIABLE BY OCCUPATION,2nd,178
2019-10,WKRS NOT CLASSIFIABLE BY OCCUPATION,3rd,65
2019-10,WKRS NOT CLASSIFIABLE BY OCCUPATION,4th,21
2019-10,WKRS NOT CLASSIFIABLE BY OCCUPATION,5th,7
2019-10,WKRS NOT CLASSIFIABLE BY OCCUPATION,6th,1
2019-10,WKRS NOT CLASSIFIABLE BY OCCUPATION,7th,2
2019-11,"CLEANERS, LABOURERS & REL WORKERS",3rd,1
2019-11,"CLEANERS, LABOURERS & REL WORKERS",4th,1
2019-11,CLERICAL WORKERS,1st,63
2019-11,CLERICAL WORKERS,2nd,61
2019-11,CLERICAL WORKERS,3rd,17
2019-11,CLERICAL WORKERS,4th,5
2019-11,CLERICAL WORKERS,5th,2
2019-11,CLERICAL WORKERS,6th,2
2019-11,"LEGISLATORS, SNR OFFICIALS & MGRS",1st,68
2019-11,"LEGISLATORS, SNR OFFICIALS & MGRS",2nd,57
2019-11,"LEGISLATORS, SNR OFFICIALS & MGRS",3rd,10
2019-11,"LEGISLATORS, SNR OFFICIALS & MGRS",4th,2
2019-11,PERSONS NOT ECONOMICALLY ACTIVE,1st,305
2019-11,PERSONS NOT ECONOMICALLY ACTIVE,2nd,296
2019-11,PERSONS NOT ECONOMICALLY ACTIVE,3rd,109
2019-11,PERSONS NOT ECONOMICALLY ACTIVE,4th,47
2019-11,PERSONS NOT ECONOMICALLY ACTIVE,5th,19
2019-11,PERSONS NOT ECONOMICALLY ACTIVE,6th,6
2019-11,PERSONS NOT ECONOMICALLY ACTIVE,7th,3
2019-11,PERSONS NOT ECONOMICALLY ACTIVE,8th,2
2019-11,PERSONS NOT ECONOMICALLY ACTIVE,9th & over,1
2019-11,PLANT/MACHINE OPERATORS & ASSEMBLERS,1st,1
2019-11,PLANT/MACHINE OPERATORS & ASSEMBLERS,2nd,2
2019-11,PLANT/MACHINE OPERATORS & ASSEMBLERS,3rd,1
2019-11,PLANT/MACHINE OPERATORS & ASSEMBLERS,4th,1
2019-11,PRODUCTION CRAFTSMEN & REL WORKERS,1st,2
2019-11,PROFESSIONALS,1st,685
2019-11,PROFESSIONALS,2nd,459
2019-11,PROFESSIONALS,3rd,130
2019-11,PROFESSIONALS,4th,20
2019-11,PROFESSIONALS,5th,1
2019-11,"SERVICE WKRS, SHOP, MARKET SALES WKRS",1st,101
2019-11,"SERVICE WKRS, SHOP, MARKET SALES WKRS",2nd,82
2019-11,"SERVICE WKRS, SHOP, MARKET SALES WKRS",3rd,53
2019-11,"SERVICE WKRS, SHOP, MARKET SALES WKRS",4th,8
2019-11,"SERVICE WKRS, SHOP, MARKET SALES WKRS",5th,4
2019-11,"SERVICE WKRS, SHOP, MARKET SALES WKRS",6th,3
2019-11,"SERVICE WKRS, SHOP, MARKET SALES WKRS",7th,1
2019-11,TECHNICIANS & ASSOCIATE PROFS,1st,211
2019-11,TECHNICIANS & ASSOCIATE PROFS,2nd,126
2019-11,TECHNICIANS & ASSOCIATE PROFS,3rd,44
2019-11,TECHNICIANS & ASSOCIATE PROFS,4th,12
2019-11,TECHNICIANS & ASSOCIATE PROFS,5th,3
2019-11,TECHNICIANS & ASSOCIATE PROFS,6th,1
2019-11,WKRS NOT CLASSIFIABLE BY OCCUPATION,1st,203
2019-11,WKRS NOT CLASSIFIABLE BY OCCUPATION,2nd,167
2019-11,WKRS NOT CLASSIFIABLE BY OCCUPATION,3rd,64
2019-11,WKRS NOT CLASSIFIABLE BY OCCUPATION,4th,16
2019-11,WKRS NOT CLASSIFIABLE BY OCCUPATION,5th,4
2019-11,WKRS NOT CLASSIFIABLE BY OCCUPATION,6th,2
2019-11,WKRS NOT CLASSIFIABLE BY OCCUPATION,7th,1
2019-12,AGRICULTURAL & FISHERY WORKERS,1st,1
2019-12,CLERICAL WORKERS,1st,76
2019-12,CLERICAL WORKERS,2nd,52
2019-12,CLERICAL WORKERS,3rd,21
2019-12,CLERICAL WORKERS,4th,10
2019-12,CLERICAL WORKERS,5th,1
2019-12,CLERICAL WORKERS,7th,1
2019-12,CLERICAL WORKERS,8th,1
2019-12,"LEGISLATORS, SNR OFFICIALS & MGRS",1st,73
2019-12,"LEGISLATORS, SNR OFFICIALS & MGRS",2nd,57
2019-12,"LEGISLATORS, SNR OFFICIALS & MGRS",3rd,18
2019-12,"LEGISLATORS, SNR OFFICIALS & MGRS",4th,4
2019-12,PERSONS NOT ECONOMICALLY ACTIVE,1st,320
2019-12,PERSONS NOT ECONOMICALLY ACTIVE,2nd,274
2019-12,PERSONS NOT ECONOMICALLY ACTIVE,3rd,108
2019-12,PERSONS NOT ECONOMICALLY ACTIVE,4th,46
2019-12,PERSONS NOT ECONOMICALLY ACTIVE,5th,9
2019-12,PERSONS NOT ECONOMICALLY ACTIVE,6th,13
2019-12,PERSONS NOT ECONOMICALLY ACTIVE,7th,3
2019-12,PERSONS NOT ECONOMICALLY ACTIVE,8th,1
2019-12,PERSONS NOT ECONOMICALLY ACTIVE,9th & over,1
2019-12,PLANT/MACHINE OPERATORS & ASSEMBLERS,1st,1
2019-12,PLANT/MACHINE OPERATORS & ASSEMBLERS,2nd,2
2019-12,PROFESSIONALS,1st,614
2019-12,PROFESSIONALS,2nd,458
2019-12,PROFESSIONALS,3rd,130
2019-12,PROFESSIONALS,4th,15
2019-12,PROFESSIONALS,5th,2
2019-12,PROFESSIONALS,7th,1
2019-12,"SERVICE WKRS, SHOP, MARKET SALES WKRS",1st,111
2019-12,"SERVICE WKRS, SHOP, MARKET SALES WKRS",2nd,81
2019-12,"SERVICE WKRS, SHOP, MARKET SALES WKRS",3rd,37
2019-12,"SERVICE WKRS, SHOP, MARKET SALES WKRS",4th,10
2019-12,"SERVICE WKRS, SHOP, MARKET SALES WKRS",5th,5
2019-12,"SERVICE WKRS, SHOP, MARKET SALES WKRS",6th,2
2019-12,TECHNICIANS & ASSOCIATE PROFS,1st,171
2019-12,TECHNICIANS & ASSOCIATE PROFS,2nd,108
2019-12,TECHNICIANS & ASSOCIATE PROFS,3rd,45
2019-12,TECHNICIANS & ASSOCIATE PROFS,4th,9
2019-12,WKRS NOT CLASSIFIABLE BY OCCUPATION,1st,210
2019-12,WKRS NOT CLASSIFIABLE BY OCCUPATION,2nd,143
2019-12,WKRS NOT CLASSIFIABLE BY OCCUPATION,3rd,47
2019-12,WKRS NOT CLASSIFIABLE BY OCCUPATION,4th,11
2019-12,WKRS NOT CLASSIFIABLE BY OCCUPATION,5th,4
2019-12,WKRS NOT CLASSIFIABLE BY OCCUPATION,7th,1
