﻿occupation,year,number
Managers and Administrators (Including Working Proprietors),2017,118300
Managers and Administrators (Including Working Proprietors),2018,122400
Managers and Administrators (Including Working Proprietors),2019,133900
Professionals,2017,208600
Professionals,2018,213300
Professionals,2019,231400
Associate Professionals and Technicians,2017,211400
Associate Professionals and Technicians,2018,222500
Associate Professionals and Technicians,2019,224700
Clerical Support Workers,2017,189500
Clerical Support Workers,2018,181100
Clerical Support Workers,2019,180900
Service and Sales Workers ,2017,139700
Service and Sales Workers ,2018,147200
Service and Sales Workers ,2019,146000
Craftsmen and Related Trades Workers,2017,8900
Craftsmen and Related Trades Workers,2018,9100
Craftsmen and Related Trades Workers,2019,8900
Plant and Machine Operators and Assemblers ,2017,15500
Plant and Machine Operators and Assemblers ,2018,17500
Plant and Machine Operators and Assemblers ,2019,14600
"Cleaners, Labourers and Related Workers ",2017,92100
"Cleaners, Labourers and Related Workers ",2018,90200
"Cleaners, Labourers and Related Workers ",2019,85100
Others,2017,1900
Others,2018,3200
Others,2019,2400