﻿Year,Education Level,Gender,Number of Residents
1990,Below Secondary,Male,"491,800"
1991,Below Secondary,Male,"486,100"
1992,Below Secondary,Male,"484,900"
1993,Below Secondary,Male,"486,700"
1994,Below Secondary,Male,"480,600"
1995,Below Secondary,Male,"445,800"
1996,Below Secondary,Male,"474,900"
1997,Below Secondary,Male,"478,000"
1998,Below Secondary,Male,"468,800"
1999,Below Secondary,Male,"475,500"
2000,Below Secondary,Male,"422,300"
2001,Below Secondary,Male,"451,200"
2002,Below Secondary,Male,"457,600"
2003,Below Secondary,Male,"461,600"
2004,Below Secondary,Male,"453,500"
2005,Below Secondary,Male,"413,300"
2006,Below Secondary,Male,"449,800"
2007,Below Secondary,Male,"448,900"
2008,Below Secondary,Male,"401,400"
2009,Below Secondary,Male,"409,700"
2010,Below Secondary,Male,"388,600"
2011,Below Secondary,Male,"378,900"
2012,Below Secondary,Male,"368,000"
2013,Below Secondary,Male,"360,600"
2014,Below Secondary,Male,"363,400"
2015,Below Secondary,Male,"345,100"
2016,Below Secondary,Male,"349,400"
2017,Below Secondary,Male,"349,000"
2018,Below Secondary,Male,"320,000"
2019,Below Secondary,Male,"319,200"
1990,Secondary,Male,"190,700"
1991,Secondary,Male,"192,000"
1992,Secondary,Male,"193,400"
1993,Secondary,Male,"200,300"
1994,Secondary,Male,"208,100"
1995,Secondary,Male,"242,200"
1996,Secondary,Male,"224,700"
1997,Secondary,Male,"222,300"
1998,Secondary,Male,"228,900"
1999,Secondary,Male,"232,100"
2000,Secondary,Male,"240,900"
2001,Secondary,Male,"235,400"
2002,Secondary,Male,"240,800"
2003,Secondary,Male,"234,400"
2004,Secondary,Male,"232,400"
2005,Secondary,Male,"230,900"
2006,Secondary,Male,"238,200"
2007,Secondary,Male,"237,700"
2008,Secondary,Male,"248,200"
2009,Secondary,Male,"261,700"
2010,Secondary,Male,"222,400"
2011,Secondary,Male,"225,900"
2012,Secondary,Male,"217,900"
2013,Secondary,Male,"220,700"
2014,Secondary,Male,"217,000"
2015,Secondary,Male,"227,400"
2016,Secondary,Male,"218,600"
2017,Secondary,Male,"216,900"
2018,Secondary,Male,"225,500"
2019,Secondary,Male,"220,900"
1990,Post Secondary (Non-tertiary),Male,"40,000"
1991,Post Secondary (Non-tertiary),Male,"50,300"
1992,Post Secondary (Non-tertiary),Male,"55,200"
1993,Post Secondary (Non-tertiary),Male,"55,800"
1994,Post Secondary (Non-tertiary),Male,"60,700"
1995,Post Secondary (Non-tertiary),Male,"73,400"
1996,Post Secondary (Non-tertiary),Male,"62,200"
1997,Post Secondary (Non-tertiary),Male,"61,300"
1998,Post Secondary (Non-tertiary),Male,"60,900"
1999,Post Secondary (Non-tertiary),Male,"63,700"
2000,Post Secondary (Non-tertiary),Male,"93,600"
2001,Post Secondary (Non-tertiary),Male,"71,700"
2002,Post Secondary (Non-tertiary),Male,"74,900"
2003,Post Secondary (Non-tertiary),Male,"73,800"
2004,Post Secondary (Non-tertiary),Male,"72,800"
2005,Post Secondary (Non-tertiary),Male,"107,900"
2006,Post Secondary (Non-tertiary),Male,"78,100"
2007,Post Secondary (Non-tertiary),Male,"79,300"
2008,Post Secondary (Non-tertiary),Male,"87,600"
2009,Post Secondary (Non-tertiary),Male,"71,400"
2010,Post Secondary (Non-tertiary),Male,"132,200"
2011,Post Secondary (Non-tertiary),Male,"127,500"
2012,Post Secondary (Non-tertiary),Male,"132,100"
2013,Post Secondary (Non-tertiary),Male,"127,700"
2014,Post Secondary (Non-tertiary),Male,"130,200"
2015,Post Secondary (Non-tertiary),Male,"137,300"
2016,Post Secondary (Non-tertiary),Male,"139,300"
2017,Post Secondary (Non-tertiary),Male,"135,400"
2018,Post Secondary (Non-tertiary),Male,"143,100"
2019,Post Secondary (Non-tertiary),Male,"143,600"
1990,Diploma & Professional Qualification,Male,"40,100"
1991,Diploma & Professional Qualification,Male,"46,100"
1992,Diploma & Professional Qualification,Male,"52,800"
1993,Diploma & Professional Qualification,Male,"55,800"
1994,Diploma & Professional Qualification,Male,"61,900"
1995,Diploma & Professional Qualification,Male,"68,600"
1996,Diploma & Professional Qualification,Male,"73,600"
1997,Diploma & Professional Qualification,Male,"83,800"
1998,Diploma & Professional Qualification,Male,"90,300"
1999,Diploma & Professional Qualification,Male,"94,200"
2000,Diploma & Professional Qualification,Male,"111,100"
2001,Diploma & Professional Qualification,Male,"105,200"
2002,Diploma & Professional Qualification,Male,"110,500"
2003,Diploma & Professional Qualification,Male,"117,200"
2004,Diploma & Professional Qualification,Male,"124,300"
2005,Diploma & Professional Qualification,Male,"141,400"
2006,Diploma & Professional Qualification,Male,"138,700"
2007,Diploma & Professional Qualification,Male,"147,200"
2008,Diploma & Professional Qualification,Male,"154,500"
2009,Diploma & Professional Qualification,Male,"165,800"
2010,Diploma & Professional Qualification,Male,"177,300"
2011,Diploma & Professional Qualification,Male,"186,100"
2012,Diploma & Professional Qualification,Male,"187,400"
2013,Diploma & Professional Qualification,Male,"189,200"
2014,Diploma & Professional Qualification,Male,"203,600"
2015,Diploma & Professional Qualification,Male,"205,300"
2016,Diploma & Professional Qualification,Male,"211,800"
2017,Diploma & Professional Qualification,Male,"208,500"
2018,Diploma & Professional Qualification,Male,"219,500"
2019,Diploma & Professional Qualification,Male,"235,500"
1990,University,Male,"48,100"
1991,University,Male,"56,900"
1992,University,Male,"68,400"
1993,University,Male,"76,800"
1994,University,Male,"82,900"
1995,University,Male,"86,500"
1996,University,Male,"103,600"
1997,University,Male,"119,300"
1998,University,Male,"132,900"
1999,University,Male,"143,800"
2000,University,Male,"144,800"
2001,University,Male,"167,700"
2002,University,Male,"183,500"
2003,University,Male,"209,100"
2004,University,Male,"224,000"
2005,University,Male,"224,200"
2006,University,Male,"259,300"
2007,University,Male,"265,700"
2008,University,Male,"285,900"
2009,University,Male,"302,400"
2010,University,Male,"321,900"
2011,University,Male,"331,300"
2012,University,Male,"353,700"
2013,University,Male,"379,700"
2014,University,Male,"395,700"
2015,University,Male,"401,000"
2016,University,Male,"415,500"
2017,University,Male,"453,400"
2018,University,Male,"468,400"
2019,University,Male,"475,700"
1990,Below Secondary,Female,"535,200"
1991,Below Secondary,Female,"540,100"
1992,Below Secondary,Female,"543,400"
1993,Below Secondary,Female,"547,300"
1994,Below Secondary,Female,"549,700"
1995,Below Secondary,Female,"531,000"
1996,Below Secondary,Female,"544,400"
1997,Below Secondary,Female,"563,700"
1998,Below Secondary,Female,"554,700"
1999,Below Secondary,Female,"552,400"
2000,Below Secondary,Female,"517,300"
2001,Below Secondary,Female,"545,900"
2002,Below Secondary,Female,"547,300"
2003,Below Secondary,Female,"554,300"
2004,Below Secondary,Female,"551,400"
2005,Below Secondary,Female,"524,400"
2006,Below Secondary,Female,"543,900"
2007,Below Secondary,Female,"538,700"
2008,Below Secondary,Female,"497,600"
2009,Below Secondary,Female,"518,900"
2010,Below Secondary,Female,"499,600"
2011,Below Secondary,Female,"491,000"
2012,Below Secondary,Female,"480,100"
2013,Below Secondary,Female,"472,700"
2014,Below Secondary,Female,"468,700"
2015,Below Secondary,Female,"454,900"
2016,Below Secondary,Female,"469,900"
2017,Below Secondary,Female,"464,700"
2018,Below Secondary,Female,"441,500"
2019,Below Secondary,Female,"426,500"
1990,Secondary,Female,"191,800"
1991,Secondary,Female,"205,300"
1992,Secondary,Female,"215,400"
1993,Secondary,Female,"217,400"
1994,Secondary,Female,"230,800"
1995,Secondary,Female,"246,200"
1996,Secondary,Female,"250,700"
1997,Secondary,Female,"248,300"
1998,Secondary,Female,"264,400"
1999,Secondary,Female,"269,800"
2000,Secondary,Female,"255,900"
2001,Secondary,Female,"276,300"
2002,Secondary,Female,"287,500"
2003,Secondary,Female,"281,900"
2004,Secondary,Female,"270,900"
2005,Secondary,Female,"256,800"
2006,Secondary,Female,"291,600"
2007,Secondary,Female,"297,800"
2008,Secondary,Female,"307,700"
2009,Secondary,Female,"304,800"
2010,Secondary,Female,"268,300"
2011,Secondary,Female,"285,100"
2012,Secondary,Female,"281,900"
2013,Secondary,Female,"280,600"
2014,Secondary,Female,"285,500"
2015,Secondary,Female,"291,800"
2016,Secondary,Female,"281,800"
2017,Secondary,Female,"271,900"
2018,Secondary,Female,"285,600"
2019,Secondary,Female,"282,800"
1990,Post Secondary (Non-tertiary),Female,"36,700"
1991,Post Secondary (Non-tertiary),Female,"50,100"
1992,Post Secondary (Non-tertiary),Female,"53,200"
1993,Post Secondary (Non-tertiary),Female,"55,700"
1994,Post Secondary (Non-tertiary),Female,"59,300"
1995,Post Secondary (Non-tertiary),Female,"72,700"
1996,Post Secondary (Non-tertiary),Female,"65,100"
1997,Post Secondary (Non-tertiary),Female,"68,000"
1998,Post Secondary (Non-tertiary),Female,"71,200"
1999,Post Secondary (Non-tertiary),Female,"72,100"
2000,Post Secondary (Non-tertiary),Female,"91,800"
2001,Post Secondary (Non-tertiary),Female,"67,700"
2002,Post Secondary (Non-tertiary),Female,"70,600"
2003,Post Secondary (Non-tertiary),Female,"72,800"
2004,Post Secondary (Non-tertiary),Female,"73,400"
2005,Post Secondary (Non-tertiary),Female,"102,800"
2006,Post Secondary (Non-tertiary),Female,"74,000"
2007,Post Secondary (Non-tertiary),Female,"75,300"
2008,Post Secondary (Non-tertiary),Female,"71,600"
2009,Post Secondary (Non-tertiary),Female,"72,800"
2010,Post Secondary (Non-tertiary),Female,"112,600"
2011,Post Secondary (Non-tertiary),Female,"102,900"
2012,Post Secondary (Non-tertiary),Female,"107,300"
2013,Post Secondary (Non-tertiary),Female,"104,700"
2014,Post Secondary (Non-tertiary),Female,"107,800"
2015,Post Secondary (Non-tertiary),Female,"113,200"
2016,Post Secondary (Non-tertiary),Female,"110,600"
2017,Post Secondary (Non-tertiary),Female,"118,200"
2018,Post Secondary (Non-tertiary),Female,"117,600"
2019,Post Secondary (Non-tertiary),Female,"122,400"
1990,Diploma & Professional Qualification,Female,"18,900"
1991,Diploma & Professional Qualification,Female,"21,000"
1992,Diploma & Professional Qualification,Female,"26,900"
1993,Diploma & Professional Qualification,Female,"28,000"
1994,Diploma & Professional Qualification,Female,"33,200"
1995,Diploma & Professional Qualification,Female,"40,200"
1996,Diploma & Professional Qualification,Female,"48,000"
1997,Diploma & Professional Qualification,Female,"49,500"
1998,Diploma & Professional Qualification,Female,"61,400"
1999,Diploma & Professional Qualification,Female,"69,600"
2000,Diploma & Professional Qualification,Female,"91,200"
2001,Diploma & Professional Qualification,Female,"84,500"
2002,Diploma & Professional Qualification,Female,"86,100"
2003,Diploma & Professional Qualification,Female,"99,300"
2004,Diploma & Professional Qualification,Female,"106,900"
2005,Diploma & Professional Qualification,Female,"126,400"
2006,Diploma & Professional Qualification,Female,"122,400"
2007,Diploma & Professional Qualification,Female,"131,500"
2008,Diploma & Professional Qualification,Female,"140,500"
2009,Diploma & Professional Qualification,Female,"149,100"
2010,Diploma & Professional Qualification,Female,"165,100"
2011,Diploma & Professional Qualification,Female,"166,100"
2012,Diploma & Professional Qualification,Female,"177,300"
2013,Diploma & Professional Qualification,Female,"183,400"
2014,Diploma & Professional Qualification,Female,"198,200"
2015,Diploma & Professional Qualification,Female,"200,200"
2016,Diploma & Professional Qualification,Female,"199,700"
2017,Diploma & Professional Qualification,Female,"207,300"
2018,Diploma & Professional Qualification,Female,"215,400"
2019,Diploma & Professional Qualification,Female,"225,700"
1990,University,Female,"28,900"
1991,University,Female,"31,400"
1992,University,Female,"37,100"
1993,University,Female,"44,500"
1994,University,Female,"49,600"
1995,University,Female,"54,300"
1996,University,Female,"69,100"
1997,University,Female,"75,500"
1998,University,Female,"87,500"
1999,University,Female,"94,100"
2000,University,Female,"105,100"
2001,University,Female,"121,200"
2002,University,Female,"140,000"
2003,University,Female,"158,600"
2004,University,Female,"172,800"
2005,University,Female,"180,500"
2006,University,Female,"212,700"
2007,University,Female,"226,300"
2008,University,Female,"246,300"
2009,University,Female,"266,400"
2010,University,Female,"288,100"
2011,University,Female,"307,300"
2012,University,Female,"320,700"
2013,University,Female,"350,000"
2014,University,Female,"362,400"
2015,University,Female,"374,800"
2016,University,Female,"398,700"
2017,University,Female,"420,500"
2018,University,Female,"440,400"
2019,University,Female,"470,500"
