﻿Year,Education Level,Age Group,Number of Residents
1990,Below Secondary,25 - 29 Years,111500
1991,Below Secondary,25 - 29 Years,104800
1992,Below Secondary,25 - 29 Years,97400
1993,Below Secondary,25 - 29 Years,86600
1994,Below Secondary,25 - 29 Years,77300
1995,Below Secondary,25 - 29 Years,56400
1996,Below Secondary,25 - 29 Years,50700
1997,Below Secondary,25 - 29 Years,49400
1998,Below Secondary,25 - 29 Years,46900
1999,Below Secondary,25 - 29 Years,43100
2000,Below Secondary,25 - 29 Years,35600
2001,Below Secondary,25 - 29 Years,33200
2002,Below Secondary,25 - 29 Years,28900
2003,Below Secondary,25 - 29 Years,25300
2004,Below Secondary,25 - 29 Years,24800
2005,Below Secondary,25 - 29 Years,21000
2006,Below Secondary,25 - 29 Years,19800
2007,Below Secondary,25 - 29 Years,20800
2008,Below Secondary,25 - 29 Years,15200
2009,Below Secondary,25 - 29 Years,15500
2010,Below Secondary,25 - 29 Years,12000
2011,Below Secondary,25 - 29 Years,12600
2012,Below Secondary,25 - 29 Years,9800
2013,Below Secondary,25 - 29 Years,10000
2014,Below Secondary,25 - 29 Years,10000
2015,Below Secondary,25 - 29 Years,9400
2016,Below Secondary,25 - 29 Years,9500
2017,Below Secondary,25 - 29 Years,7600
2018,Below Secondary,25 - 29 Years,8700
2019,Below Secondary,25 - 29 Years,8100
1990,Secondary,25 - 29 Years,110800
1991,Secondary,25 - 29 Years,95400
1992,Secondary,25 - 29 Years,92700
1993,Secondary,25 - 29 Years,81500
1994,Secondary,25 - 29 Years,84500
1995,Secondary,25 - 29 Years,78700
1996,Secondary,25 - 29 Years,80200
1997,Secondary,25 - 29 Years,78200
1998,Secondary,25 - 29 Years,69300
1999,Secondary,25 - 29 Years,72800
2000,Secondary,25 - 29 Years,60100
2001,Secondary,25 - 29 Years,64300
2002,Secondary,25 - 29 Years,56700
2003,Secondary,25 - 29 Years,48400
2004,Secondary,25 - 29 Years,45300
2005,Secondary,25 - 29 Years,39000
2006,Secondary,25 - 29 Years,42000
2007,Secondary,25 - 29 Years,39800
2008,Secondary,25 - 29 Years,37100
2009,Secondary,25 - 29 Years,40100
2010,Secondary,25 - 29 Years,29700
2011,Secondary,25 - 29 Years,28400
2012,Secondary,25 - 29 Years,23700
2013,Secondary,25 - 29 Years,23300
2014,Secondary,25 - 29 Years,21500
2015,Secondary,25 - 29 Years,19600
2016,Secondary,25 - 29 Years,20300
2017,Secondary,25 - 29 Years,18300
2018,Secondary,25 - 29 Years,20600
2019,Secondary,25 - 29 Years,17700
1990,Post Secondary (Non-tertiary),25 - 29 Years,18300
1991,Post Secondary (Non-tertiary),25 - 29 Years,24000
1992,Post Secondary (Non-tertiary),25 - 29 Years,25500
1993,Post Secondary (Non-tertiary),25 - 29 Years,24800
1994,Post Secondary (Non-tertiary),25 - 29 Years,28300
1995,Post Secondary (Non-tertiary),25 - 29 Years,32800
1996,Post Secondary (Non-tertiary),25 - 29 Years,28000
1997,Post Secondary (Non-tertiary),25 - 29 Years,28500
1998,Post Secondary (Non-tertiary),25 - 29 Years,25900
1999,Post Secondary (Non-tertiary),25 - 29 Years,25400
2000,Post Secondary (Non-tertiary),25 - 29 Years,33500
2001,Post Secondary (Non-tertiary),25 - 29 Years,21900
2002,Post Secondary (Non-tertiary),25 - 29 Years,18900
2003,Post Secondary (Non-tertiary),25 - 29 Years,17400
2004,Post Secondary (Non-tertiary),25 - 29 Years,16300
2005,Post Secondary (Non-tertiary),25 - 29 Years,24100
2006,Post Secondary (Non-tertiary),25 - 29 Years,15800
2007,Post Secondary (Non-tertiary),25 - 29 Years,18500
2008,Post Secondary (Non-tertiary),25 - 29 Years,17100
2009,Post Secondary (Non-tertiary),25 - 29 Years,14000
2010,Post Secondary (Non-tertiary),25 - 29 Years,29700
2011,Post Secondary (Non-tertiary),25 - 29 Years,24500
2012,Post Secondary (Non-tertiary),25 - 29 Years,24700
2013,Post Secondary (Non-tertiary),25 - 29 Years,23200
2014,Post Secondary (Non-tertiary),25 - 29 Years,23300
2015,Post Secondary (Non-tertiary),25 - 29 Years,25200
2016,Post Secondary (Non-tertiary),25 - 29 Years,26200
2017,Post Secondary (Non-tertiary),25 - 29 Years,24400
2018,Post Secondary (Non-tertiary),25 - 29 Years,24700
2019,Post Secondary (Non-tertiary),25 - 29 Years,22800
1990,Diploma & Professional Qualification,25 - 29 Years,18200
1991,Diploma & Professional Qualification,25 - 29 Years,21100
1992,Diploma & Professional Qualification,25 - 29 Years,25100
1993,Diploma & Professional Qualification,25 - 29 Years,27200
1994,Diploma & Professional Qualification,25 - 29 Years,28300
1995,Diploma & Professional Qualification,25 - 29 Years,32500
1996,Diploma & Professional Qualification,25 - 29 Years,35200
1997,Diploma & Professional Qualification,25 - 29 Years,39800
1998,Diploma & Professional Qualification,25 - 29 Years,43200
1999,Diploma & Professional Qualification,25 - 29 Years,46100
2000,Diploma & Professional Qualification,25 - 29 Years,54500
2001,Diploma & Professional Qualification,25 - 29 Years,53200
2002,Diploma & Professional Qualification,25 - 29 Years,53900
2003,Diploma & Professional Qualification,25 - 29 Years,58500
2004,Diploma & Professional Qualification,25 - 29 Years,59600
2005,Diploma & Professional Qualification,25 - 29 Years,64000
2006,Diploma & Professional Qualification,25 - 29 Years,62500
2007,Diploma & Professional Qualification,25 - 29 Years,64400
2008,Diploma & Professional Qualification,25 - 29 Years,60000
2009,Diploma & Professional Qualification,25 - 29 Years,63700
2010,Diploma & Professional Qualification,25 - 29 Years,63700
2011,Diploma & Professional Qualification,25 - 29 Years,59900
2012,Diploma & Professional Qualification,25 - 29 Years,59400
2013,Diploma & Professional Qualification,25 - 29 Years,55500
2014,Diploma & Professional Qualification,25 - 29 Years,59100
2015,Diploma & Professional Qualification,25 - 29 Years,59700
2016,Diploma & Professional Qualification,25 - 29 Years,62600
2017,Diploma & Professional Qualification,25 - 29 Years,61200
2018,Diploma & Professional Qualification,25 - 29 Years,61400
2019,Diploma & Professional Qualification,25 - 29 Years,62800
1990,University,25 - 29 Years,22700
1991,University,25 - 29 Years,26800
1992,University,25 - 29 Years,30700
1993,University,25 - 29 Years,35300
1994,University,25 - 29 Years,37700
1995,University,25 - 29 Years,39500
1996,University,25 - 29 Years,46500
1997,University,25 - 29 Years,52500
1998,University,25 - 29 Years,56900
1999,University,25 - 29 Years,64200
2000,University,25 - 29 Years,66800
2001,University,25 - 29 Years,70200
2002,University,25 - 29 Years,75100
2003,University,25 - 29 Years,82800
2004,University,25 - 29 Years,84100
2005,University,25 - 29 Years,87500
2006,University,25 - 29 Years,91100
2007,University,25 - 29 Years,88200
2008,University,25 - 29 Years,98600
2009,University,25 - 29 Years,104500
2010,University,25 - 29 Years,114300
2011,University,25 - 29 Years,105500
2012,University,25 - 29 Years,105600
2013,University,25 - 29 Years,111800
2014,University,25 - 29 Years,117800
2015,University,25 - 29 Years,118900
2016,University,25 - 29 Years,134400
2017,University,25 - 29 Years,130800
2018,University,25 - 29 Years,136300
2019,University,25 - 29 Years,140800
1990,Below Secondary,30 - 34 Years,138200
1991,Below Secondary,30 - 34 Years,125900
1992,Below Secondary,30 - 34 Years,120100
1993,Below Secondary,30 - 34 Years,116200
1994,Below Secondary,30 - 34 Years,113100
1995,Below Secondary,30 - 34 Years,100700
1996,Below Secondary,30 - 34 Years,104800
1997,Below Secondary,30 - 34 Years,96400
1998,Below Secondary,30 - 34 Years,85600
1999,Below Secondary,30 - 34 Years,79600
2000,Below Secondary,30 - 34 Years,61700
2001,Below Secondary,30 - 34 Years,54600
2002,Below Secondary,30 - 34 Years,47600
2003,Below Secondary,30 - 34 Years,46800
2004,Below Secondary,30 - 34 Years,46300
2005,Below Secondary,30 - 34 Years,38200
2006,Below Secondary,30 - 34 Years,36400
2007,Below Secondary,30 - 34 Years,33200
2008,Below Secondary,30 - 34 Years,25400
2009,Below Secondary,30 - 34 Years,24800
2010,Below Secondary,30 - 34 Years,20800
2011,Below Secondary,30 - 34 Years,19400
2012,Below Secondary,30 - 34 Years,16400
2013,Below Secondary,30 - 34 Years,13900
2014,Below Secondary,30 - 34 Years,14000
2015,Below Secondary,30 - 34 Years,13400
2016,Below Secondary,30 - 34 Years,12500
2017,Below Secondary,30 - 34 Years,11100
2018,Below Secondary,30 - 34 Years,10700
2019,Below Secondary,30 - 34 Years,10500
1990,Secondary,30 - 34 Years,101100
1991,Secondary,30 - 34 Years,102400
1992,Secondary,30 - 34 Years,104000
1993,Secondary,30 - 34 Years,99400
1994,Secondary,30 - 34 Years,100400
1995,Secondary,30 - 34 Years,103100
1996,Secondary,30 - 34 Years,99000
1997,Secondary,30 - 34 Years,92600
1998,Secondary,30 - 34 Years,92400
1999,Secondary,30 - 34 Years,89500
2000,Secondary,30 - 34 Years,76200
2001,Secondary,30 - 34 Years,81800
2002,Secondary,30 - 34 Years,79200
2003,Secondary,30 - 34 Years,75500
2004,Secondary,30 - 34 Years,64600
2005,Secondary,30 - 34 Years,56500
2006,Secondary,30 - 34 Years,57700
2007,Secondary,30 - 34 Years,54800
2008,Secondary,30 - 34 Years,48900
2009,Secondary,30 - 34 Years,49500
2010,Secondary,30 - 34 Years,37300
2011,Secondary,30 - 34 Years,34400
2012,Secondary,30 - 34 Years,31400
2013,Secondary,30 - 34 Years,32800
2014,Secondary,30 - 34 Years,27700
2015,Secondary,30 - 34 Years,28100
2016,Secondary,30 - 34 Years,25500
2017,Secondary,30 - 34 Years,23900
2018,Secondary,30 - 34 Years,24200
2019,Secondary,30 - 34 Years,22900
1990,Post Secondary (Non-tertiary),30 - 34 Years,20600
1991,Post Secondary (Non-tertiary),30 - 34 Years,23800
1992,Post Secondary (Non-tertiary),30 - 34 Years,23300
1993,Post Secondary (Non-tertiary),30 - 34 Years,22700
1994,Post Secondary (Non-tertiary),30 - 34 Years,23800
1995,Post Secondary (Non-tertiary),30 - 34 Years,29000
1996,Post Secondary (Non-tertiary),30 - 34 Years,23600
1997,Post Secondary (Non-tertiary),30 - 34 Years,24900
1998,Post Secondary (Non-tertiary),30 - 34 Years,24800
1999,Post Secondary (Non-tertiary),30 - 34 Years,25200
2000,Post Secondary (Non-tertiary),30 - 34 Years,34700
2001,Post Secondary (Non-tertiary),30 - 34 Years,27300
2002,Post Secondary (Non-tertiary),30 - 34 Years,28000
2003,Post Secondary (Non-tertiary),30 - 34 Years,25700
2004,Post Secondary (Non-tertiary),30 - 34 Years,23600
2005,Post Secondary (Non-tertiary),30 - 34 Years,33300
2006,Post Secondary (Non-tertiary),30 - 34 Years,21700
2007,Post Secondary (Non-tertiary),30 - 34 Years,19000
2008,Post Secondary (Non-tertiary),30 - 34 Years,15100
2009,Post Secondary (Non-tertiary),30 - 34 Years,12700
2010,Post Secondary (Non-tertiary),30 - 34 Years,27800
2011,Post Secondary (Non-tertiary),30 - 34 Years,23700
2012,Post Secondary (Non-tertiary),30 - 34 Years,22400
2013,Post Secondary (Non-tertiary),30 - 34 Years,22000
2014,Post Secondary (Non-tertiary),30 - 34 Years,23700
2015,Post Secondary (Non-tertiary),30 - 34 Years,22000
2016,Post Secondary (Non-tertiary),30 - 34 Years,23100
2017,Post Secondary (Non-tertiary),30 - 34 Years,23500
2018,Post Secondary (Non-tertiary),30 - 34 Years,22900
2019,Post Secondary (Non-tertiary),30 - 34 Years,24500
1990,Diploma & Professional Qualification,30 - 34 Years,14400
1991,Diploma & Professional Qualification,30 - 34 Years,17000
1992,Diploma & Professional Qualification,30 - 34 Years,19900
1993,Diploma & Professional Qualification,30 - 34 Years,18000
1994,Diploma & Professional Qualification,30 - 34 Years,23100
1995,Diploma & Professional Qualification,30 - 34 Years,24800
1996,Diploma & Professional Qualification,30 - 34 Years,27000
1997,Diploma & Professional Qualification,30 - 34 Years,31700
1998,Diploma & Professional Qualification,30 - 34 Years,37000
1999,Diploma & Professional Qualification,30 - 34 Years,39300
2000,Diploma & Professional Qualification,30 - 34 Years,44400
2001,Diploma & Professional Qualification,30 - 34 Years,42700
2002,Diploma & Professional Qualification,30 - 34 Years,44600
2003,Diploma & Professional Qualification,30 - 34 Years,47400
2004,Diploma & Professional Qualification,30 - 34 Years,51800
2005,Diploma & Professional Qualification,30 - 34 Years,58400
2006,Diploma & Professional Qualification,30 - 34 Years,54800
2007,Diploma & Professional Qualification,30 - 34 Years,58500
2008,Diploma & Professional Qualification,30 - 34 Years,61100
2009,Diploma & Professional Qualification,30 - 34 Years,61500
2010,Diploma & Professional Qualification,30 - 34 Years,66900
2011,Diploma & Professional Qualification,30 - 34 Years,66500
2012,Diploma & Professional Qualification,30 - 34 Years,63000
2013,Diploma & Professional Qualification,30 - 34 Years,63100
2014,Diploma & Professional Qualification,30 - 34 Years,66300
2015,Diploma & Professional Qualification,30 - 34 Years,62300
2016,Diploma & Professional Qualification,30 - 34 Years,58700
2017,Diploma & Professional Qualification,30 - 34 Years,55400
2018,Diploma & Professional Qualification,30 - 34 Years,56900
2019,Diploma & Professional Qualification,30 - 34 Years,59500
1990,University,30 - 34 Years,18400
1991,University,30 - 34 Years,19200
1992,University,30 - 34 Years,24900
1993,University,30 - 34 Years,27100
1994,University,30 - 34 Years,30500
1995,University,30 - 34 Years,34700
1996,University,30 - 34 Years,43800
1997,University,30 - 34 Years,47400
1998,University,30 - 34 Years,50200
1999,University,30 - 34 Years,59700
2000,University,30 - 34 Years,62500
2001,University,30 - 34 Years,71500
2002,University,30 - 34 Years,81600
2003,University,30 - 34 Years,91800
2004,University,30 - 34 Years,95300
2005,University,30 - 34 Years,101500
2006,University,30 - 34 Years,111500
2007,University,30 - 34 Years,122400
2008,University,30 - 34 Years,122300
2009,University,30 - 34 Years,131600
2010,University,30 - 34 Years,136500
2011,University,30 - 34 Years,136100
2012,University,30 - 34 Years,138500
2013,University,30 - 34 Years,142900
2014,University,30 - 34 Years,145100
2015,University,30 - 34 Years,144100
2016,University,30 - 34 Years,148400
2017,University,30 - 34 Years,148500
2018,University,30 - 34 Years,149100
2019,University,30 - 34 Years,155800
1990,Below Secondary,35 - 39 Years,140400
1991,Below Secondary,35 - 39 Years,138600
1992,Below Secondary,35 - 39 Years,136900
1993,Below Secondary,35 - 39 Years,138300
1994,Below Secondary,35 - 39 Years,136100
1995,Below Secondary,35 - 39 Years,124700
1996,Below Secondary,35 - 39 Years,130300
1997,Below Secondary,35 - 39 Years,124900
1998,Below Secondary,35 - 39 Years,113800
1999,Below Secondary,35 - 39 Years,115400
2000,Below Secondary,35 - 39 Years,102200
2001,Below Secondary,35 - 39 Years,110700
2002,Below Secondary,35 - 39 Years,100300
2003,Below Secondary,35 - 39 Years,86600
2004,Below Secondary,35 - 39 Years,72000
2005,Below Secondary,35 - 39 Years,65400
2006,Below Secondary,35 - 39 Years,56300
2007,Below Secondary,35 - 39 Years,53700
2008,Below Secondary,35 - 39 Years,43900
2009,Below Secondary,35 - 39 Years,46400
2010,Below Secondary,35 - 39 Years,38200
2011,Below Secondary,35 - 39 Years,31900
2012,Below Secondary,35 - 39 Years,30500
2013,Below Secondary,35 - 39 Years,27200
2014,Below Secondary,35 - 39 Years,21300
2015,Below Secondary,35 - 39 Years,20000
2016,Below Secondary,35 - 39 Years,20500
2017,Below Secondary,35 - 39 Years,18700
2018,Below Secondary,35 - 39 Years,17000
2019,Below Secondary,35 - 39 Years,15700
1990,Secondary,35 - 39 Years,72600
1991,Secondary,35 - 39 Years,76600
1992,Secondary,35 - 39 Years,79800
1993,Secondary,35 - 39 Years,84800
1994,Secondary,35 - 39 Years,93500
1995,Secondary,35 - 39 Years,102500
1996,Secondary,35 - 39 Years,103400
1997,Secondary,35 - 39 Years,100400
1998,Secondary,35 - 39 Years,103000
1999,Secondary,35 - 39 Years,100100
2000,Secondary,35 - 39 Years,96000
2001,Secondary,35 - 39 Years,93400
2002,Secondary,35 - 39 Years,93200
2003,Secondary,35 - 39 Years,86900
2004,Secondary,35 - 39 Years,80100
2005,Secondary,35 - 39 Years,74500
2006,Secondary,35 - 39 Years,75200
2007,Secondary,35 - 39 Years,73400
2008,Secondary,35 - 39 Years,72500
2009,Secondary,35 - 39 Years,70500
2010,Secondary,35 - 39 Years,52300
2011,Secondary,35 - 39 Years,47700
2012,Secondary,35 - 39 Years,43400
2013,Secondary,35 - 39 Years,38500
2014,Secondary,35 - 39 Years,34500
2015,Secondary,35 - 39 Years,38900
2016,Secondary,35 - 39 Years,32700
2017,Secondary,35 - 39 Years,35500
2018,Secondary,35 - 39 Years,31900
2019,Secondary,35 - 39 Years,32100
1990,Post Secondary (Non-tertiary),35 - 39 Years,16000
1991,Post Secondary (Non-tertiary),35 - 39 Years,19000
1992,Post Secondary (Non-tertiary),35 - 39 Years,19700
1993,Post Secondary (Non-tertiary),35 - 39 Years,20700
1994,Post Secondary (Non-tertiary),35 - 39 Years,22400
1995,Post Secondary (Non-tertiary),35 - 39 Years,28200
1996,Post Secondary (Non-tertiary),35 - 39 Years,22400
1997,Post Secondary (Non-tertiary),35 - 39 Years,22300
1998,Post Secondary (Non-tertiary),35 - 39 Years,24100
1999,Post Secondary (Non-tertiary),35 - 39 Years,23600
2000,Post Secondary (Non-tertiary),35 - 39 Years,30000
2001,Post Secondary (Non-tertiary),35 - 39 Years,22400
2002,Post Secondary (Non-tertiary),35 - 39 Years,25900
2003,Post Secondary (Non-tertiary),35 - 39 Years,23900
2004,Post Secondary (Non-tertiary),35 - 39 Years,24200
2005,Post Secondary (Non-tertiary),35 - 39 Years,36400
2006,Post Secondary (Non-tertiary),35 - 39 Years,25600
2007,Post Secondary (Non-tertiary),35 - 39 Years,25100
2008,Post Secondary (Non-tertiary),35 - 39 Years,25100
2009,Post Secondary (Non-tertiary),35 - 39 Years,21100
2010,Post Secondary (Non-tertiary),35 - 39 Years,38000
2011,Post Secondary (Non-tertiary),35 - 39 Years,32400
2012,Post Secondary (Non-tertiary),35 - 39 Years,27500
2013,Post Secondary (Non-tertiary),35 - 39 Years,22200
2014,Post Secondary (Non-tertiary),35 - 39 Years,22200
2015,Post Secondary (Non-tertiary),35 - 39 Years,26000
2016,Post Secondary (Non-tertiary),35 - 39 Years,21800
2017,Post Secondary (Non-tertiary),35 - 39 Years,22700
2018,Post Secondary (Non-tertiary),35 - 39 Years,24300
2019,Post Secondary (Non-tertiary),35 - 39 Years,22500
1990,Diploma & Professional Qualification,35 - 39 Years,9700
1991,Diploma & Professional Qualification,35 - 39 Years,10000
1992,Diploma & Professional Qualification,35 - 39 Years,12700
1993,Diploma & Professional Qualification,35 - 39 Years,14100
1994,Diploma & Professional Qualification,35 - 39 Years,16300
1995,Diploma & Professional Qualification,35 - 39 Years,21000
1996,Diploma & Professional Qualification,35 - 39 Years,20700
1997,Diploma & Professional Qualification,35 - 39 Years,22400
1998,Diploma & Professional Qualification,35 - 39 Years,24400
1999,Diploma & Professional Qualification,35 - 39 Years,28800
2000,Diploma & Professional Qualification,35 - 39 Years,35500
2001,Diploma & Professional Qualification,35 - 39 Years,35100
2002,Diploma & Professional Qualification,35 - 39 Years,33700
2003,Diploma & Professional Qualification,35 - 39 Years,37300
2004,Diploma & Professional Qualification,35 - 39 Years,39300
2005,Diploma & Professional Qualification,35 - 39 Years,46100
2006,Diploma & Professional Qualification,35 - 39 Years,45500
2007,Diploma & Professional Qualification,35 - 39 Years,49300
2008,Diploma & Professional Qualification,35 - 39 Years,54200
2009,Diploma & Professional Qualification,35 - 39 Years,56900
2010,Diploma & Professional Qualification,35 - 39 Years,62200
2011,Diploma & Professional Qualification,35 - 39 Years,60500
2012,Diploma & Professional Qualification,35 - 39 Years,63900
2013,Diploma & Professional Qualification,35 - 39 Years,66200
2014,Diploma & Professional Qualification,35 - 39 Years,66700
2015,Diploma & Professional Qualification,35 - 39 Years,66500
2016,Diploma & Professional Qualification,35 - 39 Years,65700
2017,Diploma & Professional Qualification,35 - 39 Years,67700
2018,Diploma & Professional Qualification,35 - 39 Years,68200
2019,Diploma & Professional Qualification,35 - 39 Years,65600
1990,University,35 - 39 Years,13900
1991,University,35 - 39 Years,15600
1992,University,35 - 39 Years,17700
1993,University,35 - 39 Years,20400
1994,University,35 - 39 Years,23200
1995,University,35 - 39 Years,24800
1996,University,35 - 39 Years,29000
1997,University,35 - 39 Years,33500
1998,University,35 - 39 Years,42500
1999,University,35 - 39 Years,42000
2000,University,35 - 39 Years,46900
2001,University,35 - 39 Years,57300
2002,University,35 - 39 Years,67000
2003,University,35 - 39 Years,73700
2004,University,35 - 39 Years,76800
2005,University,35 - 39 Years,80300
2006,University,35 - 39 Years,96000
2007,University,35 - 39 Years,102800
2008,University,35 - 39 Years,112200
2009,University,35 - 39 Years,118000
2010,University,35 - 39 Years,126600
2011,University,35 - 39 Years,134400
2012,University,35 - 39 Years,137000
2013,University,35 - 39 Years,143400
2014,University,35 - 39 Years,143200
2015,University,35 - 39 Years,148900
2016,University,35 - 39 Years,148100
2017,University,35 - 39 Years,161200
2018,University,35 - 39 Years,162000
2019,University,35 - 39 Years,161000
1990,Below Secondary,40 - 44 Years,129400
1991,Below Secondary,40 - 44 Years,134800
1992,Below Secondary,40 - 44 Years,132600
1993,Below Secondary,40 - 44 Years,136600
1994,Below Secondary,40 - 44 Years,136500
1995,Below Secondary,40 - 44 Years,128500
1996,Below Secondary,40 - 44 Years,142000
1997,Below Secondary,40 - 44 Years,146700
1998,Below Secondary,40 - 44 Years,140000
1999,Below Secondary,40 - 44 Years,140300
2000,Below Secondary,40 - 44 Years,124700
2001,Below Secondary,40 - 44 Years,132200
2002,Below Secondary,40 - 44 Years,124000
2003,Below Secondary,40 - 44 Years,122500
2004,Below Secondary,40 - 44 Years,121800
2005,Below Secondary,40 - 44 Years,104900
2006,Below Secondary,40 - 44 Years,108000
2007,Below Secondary,40 - 44 Years,97000
2008,Below Secondary,40 - 44 Years,82300
2009,Below Secondary,40 - 44 Years,75900
2010,Below Secondary,40 - 44 Years,63800
2011,Below Secondary,40 - 44 Years,52000
2012,Below Secondary,40 - 44 Years,46100
2013,Below Secondary,40 - 44 Years,42600
2014,Below Secondary,40 - 44 Years,39700
2015,Below Secondary,40 - 44 Years,35800
2016,Below Secondary,40 - 44 Years,32400
2017,Below Secondary,40 - 44 Years,32400
2018,Below Secondary,40 - 44 Years,28200
2019,Below Secondary,40 - 44 Years,24400
1990,Secondary,40 - 44 Years,47400
1991,Secondary,40 - 44 Years,58800
1992,Secondary,40 - 44 Years,62300
1993,Secondary,40 - 44 Years,68900
1994,Secondary,40 - 44 Years,69700
1995,Secondary,40 - 44 Years,85400
1996,Secondary,40 - 44 Years,80500
1997,Secondary,40 - 44 Years,79300
1998,Secondary,40 - 44 Years,90100
1999,Secondary,40 - 44 Years,90600
2000,Secondary,40 - 44 Years,94000
2001,Secondary,40 - 44 Years,97900
2002,Secondary,40 - 44 Years,102100
2003,Secondary,40 - 44 Years,97300
2004,Secondary,40 - 44 Years,91700
2005,Secondary,40 - 44 Years,88200
2006,Secondary,40 - 44 Years,89100
2007,Secondary,40 - 44 Years,89900
2008,Secondary,40 - 44 Years,87300
2009,Secondary,40 - 44 Years,88600
2010,Secondary,40 - 44 Years,67300
2011,Secondary,40 - 44 Years,66300
2012,Secondary,40 - 44 Years,66000
2013,Secondary,40 - 44 Years,57700
2014,Secondary,40 - 44 Years,51200
2015,Secondary,40 - 44 Years,54600
2016,Secondary,40 - 44 Years,49800
2017,Secondary,40 - 44 Years,46000
2018,Secondary,40 - 44 Years,41200
2019,Secondary,40 - 44 Years,38000
1990,Post Secondary (Non-tertiary),40 - 44 Years,10400
1991,Post Secondary (Non-tertiary),40 - 44 Years,13400
1992,Post Secondary (Non-tertiary),40 - 44 Years,16000
1993,Post Secondary (Non-tertiary),40 - 44 Years,18300
1994,Post Secondary (Non-tertiary),40 - 44 Years,15800
1995,Post Secondary (Non-tertiary),40 - 44 Years,20700
1996,Post Secondary (Non-tertiary),40 - 44 Years,19700
1997,Post Secondary (Non-tertiary),40 - 44 Years,19900
1998,Post Secondary (Non-tertiary),40 - 44 Years,21600
1999,Post Secondary (Non-tertiary),40 - 44 Years,20900
2000,Post Secondary (Non-tertiary),40 - 44 Years,29600
2001,Post Secondary (Non-tertiary),40 - 44 Years,23200
2002,Post Secondary (Non-tertiary),40 - 44 Years,23200
2003,Post Secondary (Non-tertiary),40 - 44 Years,22600
2004,Post Secondary (Non-tertiary),40 - 44 Years,21600
2005,Post Secondary (Non-tertiary),40 - 44 Years,33500
2006,Post Secondary (Non-tertiary),40 - 44 Years,22600
2007,Post Secondary (Non-tertiary),40 - 44 Years,22300
2008,Post Secondary (Non-tertiary),40 - 44 Years,25300
2009,Post Secondary (Non-tertiary),40 - 44 Years,20400
2010,Post Secondary (Non-tertiary),40 - 44 Years,36300
2011,Post Secondary (Non-tertiary),40 - 44 Years,34100
2012,Post Secondary (Non-tertiary),40 - 44 Years,34000
2013,Post Secondary (Non-tertiary),40 - 44 Years,34400
2014,Post Secondary (Non-tertiary),40 - 44 Years,31400
2015,Post Secondary (Non-tertiary),40 - 44 Years,32400
2016,Post Secondary (Non-tertiary),40 - 44 Years,28600
2017,Post Secondary (Non-tertiary),40 - 44 Years,28300
2018,Post Secondary (Non-tertiary),40 - 44 Years,25700
2019,Post Secondary (Non-tertiary),40 - 44 Years,23600
1990,Diploma & Professional Qualification,40 - 44 Years,6900
1991,Diploma & Professional Qualification,40 - 44 Years,7700
1992,Diploma & Professional Qualification,40 - 44 Years,8400
1993,Diploma & Professional Qualification,40 - 44 Years,9800
1994,Diploma & Professional Qualification,40 - 44 Years,10500
1995,Diploma & Professional Qualification,40 - 44 Years,12400
1996,Diploma & Professional Qualification,40 - 44 Years,14300
1997,Diploma & Professional Qualification,40 - 44 Years,15400
1998,Diploma & Professional Qualification,40 - 44 Years,19900
1999,Diploma & Professional Qualification,40 - 44 Years,20200
2000,Diploma & Professional Qualification,40 - 44 Years,26600
2001,Diploma & Professional Qualification,40 - 44 Years,22000
2002,Diploma & Professional Qualification,40 - 44 Years,24400
2003,Diploma & Professional Qualification,40 - 44 Years,25700
2004,Diploma & Professional Qualification,40 - 44 Years,28600
2005,Diploma & Professional Qualification,40 - 44 Years,35200
2006,Diploma & Professional Qualification,40 - 44 Years,34300
2007,Diploma & Professional Qualification,40 - 44 Years,37500
2008,Diploma & Professional Qualification,40 - 44 Years,39000
2009,Diploma & Professional Qualification,40 - 44 Years,42900
2010,Diploma & Professional Qualification,40 - 44 Years,48000
2011,Diploma & Professional Qualification,40 - 44 Years,50000
2012,Diploma & Professional Qualification,40 - 44 Years,54100
2013,Diploma & Professional Qualification,40 - 44 Years,55900
2014,Diploma & Professional Qualification,40 - 44 Years,59500
2015,Diploma & Professional Qualification,40 - 44 Years,62500
2016,Diploma & Professional Qualification,40 - 44 Years,63200
2017,Diploma & Professional Qualification,40 - 44 Years,66600
2018,Diploma & Professional Qualification,40 - 44 Years,68900
2019,Diploma & Professional Qualification,40 - 44 Years,67000
1990,University,40 - 44 Years,9800
1991,University,40 - 44 Years,11800
1992,University,40 - 44 Years,12800
1993,University,40 - 44 Years,15200
1994,University,40 - 44 Years,15700
1995,University,40 - 44 Years,17500
1996,University,40 - 44 Years,22300
1997,University,40 - 44 Years,24900
1998,University,40 - 44 Years,27900
1999,University,40 - 44 Years,28300
2000,University,40 - 44 Years,29600
2001,University,40 - 44 Years,36400
2002,University,40 - 44 Years,40100
2003,University,40 - 44 Years,46600
2004,University,40 - 44 Years,58600
2005,University,40 - 44 Years,57600
2006,University,40 - 44 Years,67800
2007,University,40 - 44 Years,70900
2008,University,40 - 44 Years,80400
2009,University,40 - 44 Years,84100
2010,University,40 - 44 Years,88100
2011,University,40 - 44 Years,99900
2012,University,40 - 44 Years,110700
2013,University,40 - 44 Years,119700
2014,University,40 - 44 Years,123300
2015,University,40 - 44 Years,130100
2016,University,40 - 44 Years,130000
2017,University,40 - 44 Years,146900
2018,University,40 - 44 Years,149200
2019,University,40 - 44 Years,151500
1990,Below Secondary,45 - 49 Years,93700
1991,Below Secondary,45 - 49 Years,97200
1992,Below Secondary,45 - 49 Years,105100
1993,Below Secondary,45 - 49 Years,114800
1994,Below Secondary,45 - 49 Years,119800
1995,Below Secondary,45 - 49 Years,121200
1996,Below Secondary,45 - 49 Years,139300
1997,Below Secondary,45 - 49 Years,140800
1998,Below Secondary,45 - 49 Years,137300
1999,Below Secondary,45 - 49 Years,135500
2000,Below Secondary,45 - 49 Years,124900
2001,Below Secondary,45 - 49 Years,139500
2002,Below Secondary,45 - 49 Years,140600
2003,Below Secondary,45 - 49 Years,141200
2004,Below Secondary,45 - 49 Years,139100
2005,Below Secondary,45 - 49 Years,126400
2006,Below Secondary,45 - 49 Years,136400
2007,Below Secondary,45 - 49 Years,129600
2008,Below Secondary,45 - 49 Years,113100
2009,Below Secondary,45 - 49 Years,112600
2010,Below Secondary,45 - 49 Years,105500
2011,Below Secondary,45 - 49 Years,97000
2012,Below Secondary,45 - 49 Years,87200
2013,Below Secondary,45 - 49 Years,78800
2014,Below Secondary,45 - 49 Years,62300
2015,Below Secondary,45 - 49 Years,59400
2016,Below Secondary,45 - 49 Years,55100
2017,Below Secondary,45 - 49 Years,47600
2018,Below Secondary,45 - 49 Years,43300
2019,Below Secondary,45 - 49 Years,39800
1990,Secondary,45 - 49 Years,20400
1991,Secondary,45 - 49 Years,23100
1992,Secondary,45 - 49 Years,27700
1993,Secondary,45 - 49 Years,35900
1994,Secondary,45 - 49 Years,42100
1995,Secondary,45 - 49 Years,55300
1996,Secondary,45 - 49 Years,56700
1997,Secondary,45 - 49 Years,60000
1998,Secondary,45 - 49 Years,68400
1999,Secondary,45 - 49 Years,69800
2000,Secondary,45 - 49 Years,73300
2001,Secondary,45 - 49 Years,72200
2002,Secondary,45 - 49 Years,78400
2003,Secondary,45 - 49 Years,80800
2004,Secondary,45 - 49 Years,85900
2005,Secondary,45 - 49 Years,84100
2006,Secondary,45 - 49 Years,96700
2007,Secondary,45 - 49 Years,100300
2008,Secondary,45 - 49 Years,96600
2009,Secondary,45 - 49 Years,95100
2010,Secondary,45 - 49 Years,85000
2011,Secondary,45 - 49 Years,82900
2012,Secondary,45 - 49 Years,78900
2013,Secondary,45 - 49 Years,76200
2014,Secondary,45 - 49 Years,66400
2015,Secondary,45 - 49 Years,68000
2016,Secondary,45 - 49 Years,63000
2017,Secondary,45 - 49 Years,61800
2018,Secondary,45 - 49 Years,61400
2019,Secondary,45 - 49 Years,54700
1990,Post Secondary (Non-tertiary),45 - 49 Years,4500
1991,Post Secondary (Non-tertiary),45 - 49 Years,6900
1992,Post Secondary (Non-tertiary),45 - 49 Years,9200
1993,Post Secondary (Non-tertiary),45 - 49 Years,9800
1994,Post Secondary (Non-tertiary),45 - 49 Years,11600
1995,Post Secondary (Non-tertiary),45 - 49 Years,14800
1996,Post Secondary (Non-tertiary),45 - 49 Years,13900
1997,Post Secondary (Non-tertiary),45 - 49 Years,15000
1998,Post Secondary (Non-tertiary),45 - 49 Years,15400
1999,Post Secondary (Non-tertiary),45 - 49 Years,15700
2000,Post Secondary (Non-tertiary),45 - 49 Years,22400
2001,Post Secondary (Non-tertiary),45 - 49 Years,17300
2002,Post Secondary (Non-tertiary),45 - 49 Years,19900
2003,Post Secondary (Non-tertiary),45 - 49 Years,21000
2004,Post Secondary (Non-tertiary),45 - 49 Years,22700
2005,Post Secondary (Non-tertiary),45 - 49 Years,31100
2006,Post Secondary (Non-tertiary),45 - 49 Years,21200
2007,Post Secondary (Non-tertiary),45 - 49 Years,22500
2008,Post Secondary (Non-tertiary),45 - 49 Years,23600
2009,Post Secondary (Non-tertiary),45 - 49 Years,21800
2010,Post Secondary (Non-tertiary),45 - 49 Years,32600
2011,Post Secondary (Non-tertiary),45 - 49 Years,32600
2012,Post Secondary (Non-tertiary),45 - 49 Years,35200
2013,Post Secondary (Non-tertiary),45 - 49 Years,31800
2014,Post Secondary (Non-tertiary),45 - 49 Years,30800
2015,Post Secondary (Non-tertiary),45 - 49 Years,34100
2016,Post Secondary (Non-tertiary),45 - 49 Years,34100
2017,Post Secondary (Non-tertiary),45 - 49 Years,33800
2018,Post Secondary (Non-tertiary),45 - 49 Years,33700
2019,Post Secondary (Non-tertiary),45 - 49 Years,36600
1990,Diploma & Professional Qualification,45 - 49 Years,3900
1991,Diploma & Professional Qualification,45 - 49 Years,4600
1992,Diploma & Professional Qualification,45 - 49 Years,5300
1993,Diploma & Professional Qualification,45 - 49 Years,5300
1994,Diploma & Professional Qualification,45 - 49 Years,6600
1995,Diploma & Professional Qualification,45 - 49 Years,8700
1996,Diploma & Professional Qualification,45 - 49 Years,10400
1997,Diploma & Professional Qualification,45 - 49 Years,10800
1998,Diploma & Professional Qualification,45 - 49 Years,12000
1999,Diploma & Professional Qualification,45 - 49 Years,12000
2000,Diploma & Professional Qualification,45 - 49 Years,17100
2001,Diploma & Professional Qualification,45 - 49 Years,16100
2002,Diploma & Professional Qualification,45 - 49 Years,16400
2003,Diploma & Professional Qualification,45 - 49 Years,19200
2004,Diploma & Professional Qualification,45 - 49 Years,20900
2005,Diploma & Professional Qualification,45 - 49 Years,26100
2006,Diploma & Professional Qualification,45 - 49 Years,25100
2007,Diploma & Professional Qualification,45 - 49 Years,29100
2008,Diploma & Professional Qualification,45 - 49 Years,31100
2009,Diploma & Professional Qualification,45 - 49 Years,34700
2010,Diploma & Professional Qualification,45 - 49 Years,36200
2011,Diploma & Professional Qualification,45 - 49 Years,40200
2012,Diploma & Professional Qualification,45 - 49 Years,44100
2013,Diploma & Professional Qualification,45 - 49 Years,44500
2014,Diploma & Professional Qualification,45 - 49 Years,48100
2015,Diploma & Professional Qualification,45 - 49 Years,50700
2016,Diploma & Professional Qualification,45 - 49 Years,49900
2017,Diploma & Professional Qualification,45 - 49 Years,56100
2018,Diploma & Professional Qualification,45 - 49 Years,56500
2019,Diploma & Professional Qualification,45 - 49 Years,62800
1990,University,45 - 49 Years,5100
1991,University,45 - 49 Years,6100
1992,University,45 - 49 Years,7800
1993,University,45 - 49 Years,10000
1994,University,45 - 49 Years,10300
1995,University,45 - 49 Years,11300
1996,University,45 - 49 Years,13700
1997,University,45 - 49 Years,17900
1998,University,45 - 49 Years,19200
1999,University,45 - 49 Years,18700
2000,University,45 - 49 Years,19000
2001,University,45 - 49 Years,22700
2002,University,45 - 49 Years,26200
2003,University,45 - 49 Years,31600
2004,University,45 - 49 Years,34300
2005,University,45 - 49 Years,32600
2006,University,45 - 49 Years,43200
2007,University,45 - 49 Years,42900
2008,University,45 - 49 Years,51500
2009,University,45 - 49 Years,54700
2010,University,45 - 49 Years,60400
2011,University,45 - 49 Years,69000
2012,University,45 - 49 Years,73800
2013,University,45 - 49 Years,83800
2014,University,45 - 49 Years,91000
2015,University,45 - 49 Years,89400
2016,University,45 - 49 Years,99000
2017,University,45 - 49 Years,114400
2018,University,45 - 49 Years,118400
2019,University,45 - 49 Years,129100
1990,Below Secondary,50 - 54 Years,95100
1991,Below Secondary,50 - 54 Years,104900
1992,Below Secondary,50 - 54 Years,110100
1993,Below Secondary,50 - 54 Years,105200
1994,Below Secondary,50 - 54 Years,104600
1995,Below Secondary,50 - 54 Years,90400
1996,Below Secondary,50 - 54 Years,89700
1997,Below Secondary,50 - 54 Years,106300
1998,Below Secondary,50 - 54 Years,109800
1999,Below Secondary,50 - 54 Years,118000
2000,Below Secondary,50 - 54 Years,117800
2001,Below Secondary,50 - 54 Years,130300
2002,Below Secondary,50 - 54 Years,137500
2003,Below Secondary,50 - 54 Years,140400
2004,Below Secondary,50 - 54 Years,140100
2005,Below Secondary,50 - 54 Years,130300
2006,Below Secondary,50 - 54 Years,143100
2007,Below Secondary,50 - 54 Years,147500
2008,Below Secondary,50 - 54 Years,133600
2009,Below Secondary,50 - 54 Years,134800
2010,Below Secondary,50 - 54 Years,127900
2011,Below Secondary,50 - 54 Years,119200
2012,Below Secondary,50 - 54 Years,115700
2013,Below Secondary,50 - 54 Years,109500
2014,Below Secondary,50 - 54 Years,102300
2015,Below Secondary,50 - 54 Years,99700
2016,Below Secondary,50 - 54 Years,101800
2017,Below Secondary,50 - 54 Years,90700
2018,Below Secondary,50 - 54 Years,82200
2019,Below Secondary,50 - 54 Years,69900
1990,Secondary,50 - 54 Years,13000
1991,Secondary,50 - 54 Years,17500
1992,Secondary,50 - 54 Years,17800
1993,Secondary,50 - 54 Years,19500
1994,Secondary,50 - 54 Years,19500
1995,Secondary,50 - 54 Years,24800
1996,Secondary,50 - 54 Years,21900
1997,Secondary,50 - 54 Years,25800
1998,Secondary,50 - 54 Years,35500
1999,Secondary,50 - 54 Years,38900
2000,Secondary,50 - 54 Years,47300
2001,Secondary,50 - 54 Years,53700
2002,Secondary,50 - 54 Years,57300
2003,Secondary,50 - 54 Years,57400
2004,Secondary,50 - 54 Years,62100
2005,Secondary,50 - 54 Years,66200
2006,Secondary,50 - 54 Years,73300
2007,Secondary,50 - 54 Years,73700
2008,Secondary,50 - 54 Years,86100
2009,Secondary,50 - 54 Years,87700
2010,Secondary,50 - 54 Years,82300
2011,Secondary,50 - 54 Years,89700
2012,Secondary,50 - 54 Years,85400
2013,Secondary,50 - 54 Years,87600
2014,Secondary,50 - 54 Years,88000
2015,Secondary,50 - 54 Years,85500
2016,Secondary,50 - 54 Years,82000
2017,Secondary,50 - 54 Years,74000
2018,Secondary,50 - 54 Years,78000
2019,Secondary,50 - 54 Years,73900
1990,Post Secondary (Non-tertiary),50 - 54 Years,3000
1991,Post Secondary (Non-tertiary),50 - 54 Years,6400
1992,Post Secondary (Non-tertiary),50 - 54 Years,7600
1993,Post Secondary (Non-tertiary),50 - 54 Years,7100
1994,Post Secondary (Non-tertiary),50 - 54 Years,7600
1995,Post Secondary (Non-tertiary),50 - 54 Years,7900
1996,Post Secondary (Non-tertiary),50 - 54 Years,7300
1997,Post Secondary (Non-tertiary),50 - 54 Years,7900
1998,Post Secondary (Non-tertiary),50 - 54 Years,8900
1999,Post Secondary (Non-tertiary),50 - 54 Years,10400
2000,Post Secondary (Non-tertiary),50 - 54 Years,16200
2001,Post Secondary (Non-tertiary),50 - 54 Years,13300
2002,Post Secondary (Non-tertiary),50 - 54 Years,12800
2003,Post Secondary (Non-tertiary),50 - 54 Years,13200
2004,Post Secondary (Non-tertiary),50 - 54 Years,15000
2005,Post Secondary (Non-tertiary),50 - 54 Years,23000
2006,Post Secondary (Non-tertiary),50 - 54 Years,16900
2007,Post Secondary (Non-tertiary),50 - 54 Years,18300
2008,Post Secondary (Non-tertiary),50 - 54 Years,20300
2009,Post Secondary (Non-tertiary),50 - 54 Years,19200
2010,Post Secondary (Non-tertiary),50 - 54 Years,30900
2011,Post Secondary (Non-tertiary),50 - 54 Years,29900
2012,Post Secondary (Non-tertiary),50 - 54 Years,34700
2013,Post Secondary (Non-tertiary),50 - 54 Years,33800
2014,Post Secondary (Non-tertiary),50 - 54 Years,34800
2015,Post Secondary (Non-tertiary),50 - 54 Years,33900
2016,Post Secondary (Non-tertiary),50 - 54 Years,32000
2017,Post Secondary (Non-tertiary),50 - 54 Years,32600
2018,Post Secondary (Non-tertiary),50 - 54 Years,34800
2019,Post Secondary (Non-tertiary),50 - 54 Years,35100
1990,Diploma & Professional Qualification,50 - 54 Years,2900
1991,Diploma & Professional Qualification,50 - 54 Years,3200
1992,Diploma & Professional Qualification,50 - 54 Years,3800
1993,Diploma & Professional Qualification,50 - 54 Years,4300
1994,Diploma & Professional Qualification,50 - 54 Years,4300
1995,Diploma & Professional Qualification,50 - 54 Years,4300
1996,Diploma & Professional Qualification,50 - 54 Years,5500
1997,Diploma & Professional Qualification,50 - 54 Years,6000
1998,Diploma & Professional Qualification,50 - 54 Years,7100
1999,Diploma & Professional Qualification,50 - 54 Years,7200
2000,Diploma & Professional Qualification,50 - 54 Years,11500
2001,Diploma & Professional Qualification,50 - 54 Years,10300
2002,Diploma & Professional Qualification,50 - 54 Years,10600
2003,Diploma & Professional Qualification,50 - 54 Years,13300
2004,Diploma & Professional Qualification,50 - 54 Years,13300
2005,Diploma & Professional Qualification,50 - 54 Years,16100
2006,Diploma & Professional Qualification,50 - 54 Years,15500
2007,Diploma & Professional Qualification,50 - 54 Years,17200
2008,Diploma & Professional Qualification,50 - 54 Years,20800
2009,Diploma & Professional Qualification,50 - 54 Years,23600
2010,Diploma & Professional Qualification,50 - 54 Years,27000
2011,Diploma & Professional Qualification,50 - 54 Years,32000
2012,Diploma & Professional Qualification,50 - 54 Years,31400
2013,Diploma & Professional Qualification,50 - 54 Years,33400
2014,Diploma & Professional Qualification,50 - 54 Years,36700
2015,Diploma & Professional Qualification,50 - 54 Years,39000
2016,Diploma & Professional Qualification,50 - 54 Years,41000
2017,Diploma & Professional Qualification,50 - 54 Years,39200
2018,Diploma & Professional Qualification,50 - 54 Years,42400
2019,Diploma & Professional Qualification,50 - 54 Years,48000
1990,University,50 - 54 Years,3500
1991,University,50 - 54 Years,4400
1992,University,50 - 54 Years,5600
1993,University,50 - 54 Years,5900
1994,University,50 - 54 Years,6300
1995,University,50 - 54 Years,5400
1996,University,50 - 54 Years,6500
1997,University,50 - 54 Years,8800
1998,University,50 - 54 Years,10200
1999,University,50 - 54 Years,11600
2000,University,50 - 54 Years,12100
2001,University,50 - 54 Years,15700
2002,University,50 - 54 Years,17000
2003,University,50 - 54 Years,19000
2004,University,50 - 54 Years,20000
2005,University,50 - 54 Years,21100
2006,University,50 - 54 Years,27200
2007,University,50 - 54 Years,28100
2008,University,50 - 54 Years,29200
2009,University,50 - 54 Years,33200
2010,University,50 - 54 Years,35500
2011,University,50 - 54 Years,38900
2012,University,50 - 54 Years,46000
2013,University,50 - 54 Years,54600
2014,University,50 - 54 Years,56500
2015,University,50 - 54 Years,61300
2016,University,50 - 54 Years,65000
2017,University,50 - 54 Years,71400
2018,University,50 - 54 Years,79200
2019,University,50 - 54 Years,85100
1990,Below Secondary,60 - 64 Years,76500
1991,Below Secondary,60 - 64 Years,80200
1992,Below Secondary,60 - 64 Years,82800
1993,Below Secondary,60 - 64 Years,82500
1994,Below Secondary,60 - 64 Years,83000
1995,Below Secondary,60 - 64 Years,82700
1996,Below Secondary,60 - 64 Years,80800
1997,Below Secondary,60 - 64 Years,84900
1998,Below Secondary,60 - 64 Years,84200
1999,Below Secondary,60 - 64 Years,92200
2000,Below Secondary,60 - 64 Years,84400
2001,Below Secondary,60 - 64 Years,96400
2002,Below Secondary,60 - 64 Years,98800
2003,Below Secondary,60 - 64 Years,98900
2004,Below Secondary,60 - 64 Years,95600
2005,Below Secondary,60 - 64 Years,85300
2006,Below Secondary,60 - 64 Years,91300
2007,Below Secondary,60 - 64 Years,97600
2008,Below Secondary,60 - 64 Years,102600
2009,Below Secondary,60 - 64 Years,116000
2010,Below Secondary,60 - 64 Years,117500
2011,Below Secondary,60 - 64 Years,120400
2012,Below Secondary,60 - 64 Years,119200
2013,Below Secondary,60 - 64 Years,119300
2014,Below Secondary,60 - 64 Years,122800
2015,Below Secondary,60 - 64 Years,118200
2016,Below Secondary,60 - 64 Years,128600
2017,Below Secondary,60 - 64 Years,126800
2018,Below Secondary,60 - 64 Years,124600
2019,Below Secondary,60 - 64 Years,110400
1990,Secondary,60 - 64 Years,3900
1991,Secondary,60 - 64 Years,5900
1992,Secondary,60 - 64 Years,6200
1993,Secondary,60 - 64 Years,7300
1994,Secondary,60 - 64 Years,6900
1995,Secondary,60 - 64 Years,8700
1996,Secondary,60 - 64 Years,8000
1997,Secondary,60 - 64 Years,7500
1998,Secondary,60 - 64 Years,8500
1999,Secondary,60 - 64 Years,10900
2000,Secondary,60 - 64 Years,13300
2001,Secondary,60 - 64 Years,13500
2002,Secondary,60 - 64 Years,15200
2003,Secondary,60 - 64 Years,17500
2004,Secondary,60 - 64 Years,16900
2005,Secondary,60 - 64 Years,17200
2006,Secondary,60 - 64 Years,19000
2007,Secondary,60 - 64 Years,23800
2008,Secondary,60 - 64 Years,32700
2009,Secondary,60 - 64 Years,36200
2010,Secondary,60 - 64 Years,40800
2011,Secondary,60 - 64 Years,48000
2012,Secondary,60 - 64 Years,53500
2013,Secondary,60 - 64 Years,56200
2014,Secondary,60 - 64 Years,63700
2015,Secondary,60 - 64 Years,68500
2016,Secondary,60 - 64 Years,65700
2017,Secondary,60 - 64 Years,64900
2018,Secondary,60 - 64 Years,71900
2019,Secondary,60 - 64 Years,73600
1990,Post Secondary (Non-tertiary),60 - 64 Years,900
1991,Post Secondary (Non-tertiary),60 - 64 Years,1500
1992,Post Secondary (Non-tertiary),60 - 64 Years,1900
1993,Post Secondary (Non-tertiary),60 - 64 Years,1800
1994,Post Secondary (Non-tertiary),60 - 64 Years,2200
1995,Post Secondary (Non-tertiary),60 - 64 Years,2800
1996,Post Secondary (Non-tertiary),60 - 64 Years,3000
1997,Post Secondary (Non-tertiary),60 - 64 Years,2400
1998,Post Secondary (Non-tertiary),60 - 64 Years,2900
1999,Post Secondary (Non-tertiary),60 - 64 Years,4200
2000,Post Secondary (Non-tertiary),60 - 64 Years,5500
2001,Post Secondary (Non-tertiary),60 - 64 Years,4500
2002,Post Secondary (Non-tertiary),60 - 64 Years,5300
2003,Post Secondary (Non-tertiary),60 - 64 Years,5900
2004,Post Secondary (Non-tertiary),60 - 64 Years,4900
2005,Post Secondary (Non-tertiary),60 - 64 Years,6500
2006,Post Secondary (Non-tertiary),60 - 64 Years,6600
2007,Post Secondary (Non-tertiary),60 - 64 Years,6900
2008,Post Secondary (Non-tertiary),60 - 64 Years,7900
2009,Post Secondary (Non-tertiary),60 - 64 Years,9200
2010,Post Secondary (Non-tertiary),60 - 64 Years,13500
2011,Post Secondary (Non-tertiary),60 - 64 Years,14200
2012,Post Secondary (Non-tertiary),60 - 64 Years,16700
2013,Post Secondary (Non-tertiary),60 - 64 Years,17400
2014,Post Secondary (Non-tertiary),60 - 64 Years,19200
2015,Post Secondary (Non-tertiary),60 - 64 Years,22500
2016,Post Secondary (Non-tertiary),60 - 64 Years,24800
2017,Post Secondary (Non-tertiary),60 - 64 Years,26900
2018,Post Secondary (Non-tertiary),60 - 64 Years,26600
2019,Post Secondary (Non-tertiary),60 - 64 Years,27600
1990,Diploma & Professional Qualification,60 - 64 Years,700
1991,Diploma & Professional Qualification,60 - 64 Years,900
1992,Diploma & Professional Qualification,60 - 64 Years,1200
1993,Diploma & Professional Qualification,60 - 64 Years,1700
1994,Diploma & Professional Qualification,60 - 64 Years,1600
1995,Diploma & Professional Qualification,60 - 64 Years,1100
1996,Diploma & Professional Qualification,60 - 64 Years,1900
1997,Diploma & Professional Qualification,60 - 64 Years,1900
1998,Diploma & Professional Qualification,60 - 64 Years,2400
1999,Diploma & Professional Qualification,60 - 64 Years,3000
2000,Diploma & Professional Qualification,60 - 64 Years,3800
2001,Diploma & Professional Qualification,60 - 64 Years,2700
2002,Diploma & Professional Qualification,60 - 64 Years,3600
2003,Diploma & Professional Qualification,60 - 64 Years,4000
2004,Diploma & Professional Qualification,60 - 64 Years,4200
2005,Diploma & Professional Qualification,60 - 64 Years,5300
2006,Diploma & Professional Qualification,60 - 64 Years,5900
2007,Diploma & Professional Qualification,60 - 64 Years,6300
2008,Diploma & Professional Qualification,60 - 64 Years,7900
2009,Diploma & Professional Qualification,60 - 64 Years,9400
2010,Diploma & Professional Qualification,60 - 64 Years,11100
2011,Diploma & Professional Qualification,60 - 64 Years,11500
2012,Diploma & Professional Qualification,60 - 64 Years,12800
2013,Diploma & Professional Qualification,60 - 64 Years,15500
2014,Diploma & Professional Qualification,60 - 64 Years,17800
2015,Diploma & Professional Qualification,60 - 64 Years,17000
2016,Diploma & Professional Qualification,60 - 64 Years,19700
2017,Diploma & Professional Qualification,60 - 64 Years,18000
2018,Diploma & Professional Qualification,60 - 64 Years,20900
2019,Diploma & Professional Qualification,60 - 64 Years,24800
1990,University,60 - 64 Years,800
1991,University,60 - 64 Years,1100
1992,University,60 - 64 Years,1200
1993,University,60 - 64 Years,1800
1994,University,60 - 64 Years,2300
1995,University,60 - 64 Years,1800
1996,University,60 - 64 Years,2100
1997,University,60 - 64 Years,2400
1998,University,60 - 64 Years,4100
1999,University,60 - 64 Years,3100
2000,University,60 - 64 Years,3700
2001,University,60 - 64 Years,4400
2002,University,60 - 64 Years,4800
2003,University,60 - 64 Years,6200
2004,University,60 - 64 Years,6300
2005,University,60 - 64 Years,5800
2006,University,60 - 64 Years,8100
2007,University,60 - 64 Years,9400
2008,University,60 - 64 Years,9200
2009,University,60 - 64 Years,11100
2010,University,60 - 64 Years,13500
2011,University,60 - 64 Years,15300
2012,University,60 - 64 Years,17500
2013,University,60 - 64 Years,21000
2014,University,60 - 64 Years,22700
2015,University,60 - 64 Years,22000
2016,University,60 - 64 Years,22600
2017,University,60 - 64 Years,25100
2018,University,60 - 64 Years,30900
2019,University,60 - 64 Years,29800
1990,Below Secondary,55 - 59 Years,88300
1991,Below Secondary,55 - 59 Years,90800
1992,Below Secondary,55 - 59 Years,89900
1993,Below Secondary,55 - 59 Years,92800
1994,Below Secondary,55 - 59 Years,95000
1995,Below Secondary,55 - 59 Years,91700
1996,Below Secondary,55 - 59 Years,96400
1997,Below Secondary,55 - 59 Years,102500
1998,Below Secondary,55 - 59 Years,101000
1999,Below Secondary,55 - 59 Years,96900
2000,Below Secondary,55 - 59 Years,85600
2001,Below Secondary,55 - 59 Years,84100
2002,Below Secondary,55 - 59 Years,100900
2003,Below Secondary,55 - 59 Years,110200
2004,Below Secondary,55 - 59 Years,120700
2005,Below Secondary,55 - 59 Years,122000
2006,Below Secondary,55 - 59 Years,132400
2007,Below Secondary,55 - 59 Years,135600
2008,Below Secondary,55 - 59 Years,122200
2009,Below Secondary,55 - 59 Years,122800
2010,Below Secondary,55 - 59 Years,128600
2011,Below Secondary,55 - 59 Years,129300
2012,Below Secondary,55 - 59 Years,125000
2013,Below Secondary,55 - 59 Years,121900
2014,Below Secondary,55 - 59 Years,124900
2015,Below Secondary,55 - 59 Years,118900
2016,Below Secondary,55 - 59 Years,116400
2017,Below Secondary,55 - 59 Years,106100
2018,Below Secondary,55 - 59 Years,100400
2019,Below Secondary,55 - 59 Years,105300
1990,Secondary,55 - 59 Years,6700
1991,Secondary,55 - 59 Years,9600
1992,Secondary,55 - 59 Years,9900
1993,Secondary,55 - 59 Years,11400
1994,Secondary,55 - 59 Years,11900
1995,Secondary,55 - 59 Years,17400
1996,Secondary,55 - 59 Years,15300
1997,Secondary,55 - 59 Years,15800
1998,Secondary,55 - 59 Years,15600
1999,Secondary,55 - 59 Years,17300
2000,Secondary,55 - 59 Years,19700
2001,Secondary,55 - 59 Years,19600
2002,Secondary,55 - 59 Years,27900
2003,Secondary,55 - 59 Years,32300
2004,Secondary,55 - 59 Years,36000
2005,Secondary,55 - 59 Years,42500
2006,Secondary,55 - 59 Years,51600
2007,Secondary,55 - 59 Years,52400
2008,Secondary,55 - 59 Years,61100
2009,Secondary,55 - 59 Years,63600
2010,Secondary,55 - 59 Years,62600
2011,Secondary,55 - 59 Years,72000
2012,Secondary,55 - 59 Years,70400
2013,Secondary,55 - 59 Years,71700
2014,Secondary,55 - 59 Years,81600
2015,Secondary,55 - 59 Years,83500
2016,Secondary,55 - 59 Years,83600
2017,Secondary,55 - 59 Years,76900
2018,Secondary,55 - 59 Years,83100
2019,Secondary,55 - 59 Years,85500
1990,Post Secondary (Non-tertiary),55 - 59 Years,1600
1991,Post Secondary (Non-tertiary),55 - 59 Years,3100
1992,Post Secondary (Non-tertiary),55 - 59 Years,3300
1993,Post Secondary (Non-tertiary),55 - 59 Years,3700
1994,Post Secondary (Non-tertiary),55 - 59 Years,4900
1995,Post Secondary (Non-tertiary),55 - 59 Years,6100
1996,Post Secondary (Non-tertiary),55 - 59 Years,6500
1997,Post Secondary (Non-tertiary),55 - 59 Years,6100
1998,Post Secondary (Non-tertiary),55 - 59 Years,5800
1999,Post Secondary (Non-tertiary),55 - 59 Years,6800
2000,Post Secondary (Non-tertiary),55 - 59 Years,8100
2001,Post Secondary (Non-tertiary),55 - 59 Years,5900
2002,Post Secondary (Non-tertiary),55 - 59 Years,7200
2003,Post Secondary (Non-tertiary),55 - 59 Years,10100
2004,Post Secondary (Non-tertiary),55 - 59 Years,11300
2005,Post Secondary (Non-tertiary),55 - 59 Years,14300
2006,Post Secondary (Non-tertiary),55 - 59 Years,12300
2007,Post Secondary (Non-tertiary),55 - 59 Years,12500
2008,Post Secondary (Non-tertiary),55 - 59 Years,13700
2009,Post Secondary (Non-tertiary),55 - 59 Years,15000
2010,Post Secondary (Non-tertiary),55 - 59 Years,22100
2011,Post Secondary (Non-tertiary),55 - 59 Years,23600
2012,Post Secondary (Non-tertiary),55 - 59 Years,27000
2013,Post Secondary (Non-tertiary),55 - 59 Years,28400
2014,Post Secondary (Non-tertiary),55 - 59 Years,29100
2015,Post Secondary (Non-tertiary),55 - 59 Years,29800
2016,Post Secondary (Non-tertiary),55 - 59 Years,32500
2017,Post Secondary (Non-tertiary),55 - 59 Years,29300
2018,Post Secondary (Non-tertiary),55 - 59 Years,33400
2019,Post Secondary (Non-tertiary),55 - 59 Years,32400
1990,Diploma & Professional Qualification,55 - 59 Years,1600
1991,Diploma & Professional Qualification,55 - 59 Years,1700
1992,Diploma & Professional Qualification,55 - 59 Years,2000
1993,Diploma & Professional Qualification,55 - 59 Years,2100
1994,Diploma & Professional Qualification,55 - 59 Years,2800
1995,Diploma & Professional Qualification,55 - 59 Years,3000
1996,Diploma & Professional Qualification,55 - 59 Years,4000
1997,Diploma & Professional Qualification,55 - 59 Years,3500
1998,Diploma & Professional Qualification,55 - 59 Years,3900
1999,Diploma & Professional Qualification,55 - 59 Years,4600
2000,Diploma & Professional Qualification,55 - 59 Years,5700
2001,Diploma & Professional Qualification,55 - 59 Years,4700
2002,Diploma & Professional Qualification,55 - 59 Years,6500
2003,Diploma & Professional Qualification,55 - 59 Years,7500
2004,Diploma & Professional Qualification,55 - 59 Years,8300
2005,Diploma & Professional Qualification,55 - 59 Years,10700
2006,Diploma & Professional Qualification,55 - 59 Years,10800
2007,Diploma & Professional Qualification,55 - 59 Years,11300
2008,Diploma & Professional Qualification,55 - 59 Years,12800
2009,Diploma & Professional Qualification,55 - 59 Years,12200
2010,Diploma & Professional Qualification,55 - 59 Years,17300
2011,Diploma & Professional Qualification,55 - 59 Years,19000
2012,Diploma & Professional Qualification,55 - 59 Years,21100
2013,Diploma & Professional Qualification,55 - 59 Years,23700
2014,Diploma & Professional Qualification,55 - 59 Years,26700
2015,Diploma & Professional Qualification,55 - 59 Years,27800
2016,Diploma & Professional Qualification,55 - 59 Years,28300
2017,Diploma & Professional Qualification,55 - 59 Years,28800
2018,Diploma & Professional Qualification,55 - 59 Years,33400
2019,Diploma & Professional Qualification,55 - 59 Years,39000
1990,University,55 - 59 Years,1700
1991,University,55 - 59 Years,1900
1992,University,55 - 59 Years,3200
1993,University,55 - 59 Years,3600
1994,University,55 - 59 Years,4200
1995,University,55 - 59 Years,3500
1996,University,55 - 59 Years,5600
1997,University,55 - 59 Years,5100
1998,University,55 - 59 Years,5800
1999,University,55 - 59 Years,6300
2000,University,55 - 59 Years,5900
2001,University,55 - 59 Years,6700
2002,University,55 - 59 Years,7600
2003,University,55 - 59 Years,10200
2004,University,55 - 59 Years,13900
2005,University,55 - 59 Years,11800
2006,University,55 - 59 Years,16800
2007,University,55 - 59 Years,17800
2008,University,55 - 59 Years,18400
2009,University,55 - 59 Years,19700
2010,University,55 - 59 Years,22300
2011,University,55 - 59 Years,23300
2012,University,55 - 59 Years,28500
2013,University,55 - 59 Years,34400
2014,University,55 - 59 Years,34100
2015,University,55 - 59 Years,36600
2016,University,55 - 59 Years,38600
2017,University,55 - 59 Years,43900
2018,University,55 - 59 Years,48700
2019,University,55 - 59 Years,53900
1990,Below Secondary,65 Years & Over,154100
1991,Below Secondary,65 Years & Over,149200
1992,Below Secondary,65 Years & Over,153600
1993,Below Secondary,65 Years & Over,161100
1994,Below Secondary,65 Years & Over,164700
1995,Below Secondary,65 Years & Over,180500
1996,Below Secondary,65 Years & Over,185400
1997,Below Secondary,65 Years & Over,189800
1998,Below Secondary,65 Years & Over,205000
1999,Below Secondary,65 Years & Over,206900
2000,Below Secondary,65 Years & Over,202700
2001,Below Secondary,65 Years & Over,216100
2002,Below Secondary,65 Years & Over,226300
2003,Below Secondary,65 Years & Over,243900
2004,Below Secondary,65 Years & Over,244400
2005,Below Secondary,65 Years & Over,244000
2006,Below Secondary,65 Years & Over,269800
2007,Below Secondary,65 Years & Over,272600
2008,Below Secondary,65 Years & Over,260800
2009,Below Secondary,65 Years & Over,279700
2010,Below Secondary,65 Years & Over,274000
2011,Below Secondary,65 Years & Over,288000
2012,Below Secondary,65 Years & Over,298300
2013,Below Secondary,65 Years & Over,310100
2014,Below Secondary,65 Years & Over,334700
2015,Below Secondary,65 Years & Over,325300
2016,Below Secondary,65 Years & Over,342500
2017,Below Secondary,65 Years & Over,372900
2018,Below Secondary,65 Years & Over,346400
2019,Below Secondary,65 Years & Over,361500
1990,Secondary,65 Years & Over,6600
1991,Secondary,65 Years & Over,8000
1992,Secondary,65 Years & Over,8300
1993,Secondary,65 Years & Over,8900
1994,Secondary,65 Years & Over,10400
1995,Secondary,65 Years & Over,12500
1996,Secondary,65 Years & Over,10400
1997,Secondary,65 Years & Over,11000
1998,Secondary,65 Years & Over,10500
1999,Secondary,65 Years & Over,12000
2000,Secondary,65 Years & Over,16800
2001,Secondary,65 Years & Over,15400
2002,Secondary,65 Years & Over,18200
2003,Secondary,65 Years & Over,20100
2004,Secondary,65 Years & Over,20600
2005,Secondary,65 Years & Over,19500
2006,Secondary,65 Years & Over,25200
2007,Secondary,65 Years & Over,27300
2008,Secondary,65 Years & Over,33400
2009,Secondary,65 Years & Over,35200
2010,Secondary,65 Years & Over,33300
2011,Secondary,65 Years & Over,41500
2012,Secondary,65 Years & Over,46900
2013,Secondary,65 Years & Over,57200
2014,Secondary,65 Years & Over,68000
2015,Secondary,65 Years & Over,72600
2016,Secondary,65 Years & Over,78000
2017,Secondary,65 Years & Over,87600
2018,Secondary,65 Years & Over,98900
2019,Secondary,65 Years & Over,105300
1990,Post Secondary (Non-tertiary),65 Years & Over,1500
1991,Post Secondary (Non-tertiary),65 Years & Over,2200
1992,Post Secondary (Non-tertiary),65 Years & Over,1900
1993,Post Secondary (Non-tertiary),65 Years & Over,2700
1994,Post Secondary (Non-tertiary),65 Years & Over,3400
1995,Post Secondary (Non-tertiary),65 Years & Over,3700
1996,Post Secondary (Non-tertiary),65 Years & Over,2900
1997,Post Secondary (Non-tertiary),65 Years & Over,2500
1998,Post Secondary (Non-tertiary),65 Years & Over,2800
1999,Post Secondary (Non-tertiary),65 Years & Over,3600
2000,Post Secondary (Non-tertiary),65 Years & Over,5300
2001,Post Secondary (Non-tertiary),65 Years & Over,3600
2002,Post Secondary (Non-tertiary),65 Years & Over,4300
2003,Post Secondary (Non-tertiary),65 Years & Over,6700
2004,Post Secondary (Non-tertiary),65 Years & Over,6600
2005,Post Secondary (Non-tertiary),65 Years & Over,8400
2006,Post Secondary (Non-tertiary),65 Years & Over,9500
2007,Post Secondary (Non-tertiary),65 Years & Over,9400
2008,Post Secondary (Non-tertiary),65 Years & Over,11000
2009,Post Secondary (Non-tertiary),65 Years & Over,10700
2010,Post Secondary (Non-tertiary),65 Years & Over,13900
2011,Post Secondary (Non-tertiary),65 Years & Over,15400
2012,Post Secondary (Non-tertiary),65 Years & Over,17200
2013,Post Secondary (Non-tertiary),65 Years & Over,19200
2014,Post Secondary (Non-tertiary),65 Years & Over,23500
2015,Post Secondary (Non-tertiary),65 Years & Over,24600
2016,Post Secondary (Non-tertiary),65 Years & Over,26700
2017,Post Secondary (Non-tertiary),65 Years & Over,32100
2018,Post Secondary (Non-tertiary),65 Years & Over,34800
2019,Post Secondary (Non-tertiary),65 Years & Over,40900
1990,Diploma & Professional Qualification,65 Years & Over,800
1991,Diploma & Professional Qualification,65 Years & Over,1100
1992,Diploma & Professional Qualification,65 Years & Over,1200
1993,Diploma & Professional Qualification,65 Years & Over,1400
1994,Diploma & Professional Qualification,65 Years & Over,1600
1995,Diploma & Professional Qualification,65 Years & Over,1000
1996,Diploma & Professional Qualification,65 Years & Over,2500
1997,Diploma & Professional Qualification,65 Years & Over,1700
1998,Diploma & Professional Qualification,65 Years & Over,1900
1999,Diploma & Professional Qualification,65 Years & Over,2500
2000,Diploma & Professional Qualification,65 Years & Over,3100
2001,Diploma & Professional Qualification,65 Years & Over,2800
2002,Diploma & Professional Qualification,65 Years & Over,3100
2003,Diploma & Professional Qualification,65 Years & Over,3800
2004,Diploma & Professional Qualification,65 Years & Over,5100
2005,Diploma & Professional Qualification,65 Years & Over,5900
2006,Diploma & Professional Qualification,65 Years & Over,6600
2007,Diploma & Professional Qualification,65 Years & Over,5000
2008,Diploma & Professional Qualification,65 Years & Over,8100
2009,Diploma & Professional Qualification,65 Years & Over,10000
2010,Diploma & Professional Qualification,65 Years & Over,10100
2011,Diploma & Professional Qualification,65 Years & Over,12600
2012,Diploma & Professional Qualification,65 Years & Over,14900
2013,Diploma & Professional Qualification,65 Years & Over,14900
2014,Diploma & Professional Qualification,65 Years & Over,20900
2015,Diploma & Professional Qualification,65 Years & Over,20000
2016,Diploma & Professional Qualification,65 Years & Over,22400
2017,Diploma & Professional Qualification,65 Years & Over,23000
2018,Diploma & Professional Qualification,65 Years & Over,26300
2019,Diploma & Professional Qualification,65 Years & Over,31700
1990,University,65 Years & Over,1100
1991,University,65 Years & Over,1300
1992,University,65 Years & Over,1600
1993,University,65 Years & Over,2100
1994,University,65 Years & Over,2300
1995,University,65 Years & Over,2300
1996,University,65 Years & Over,3400
1997,University,65 Years & Over,2300
1998,University,65 Years & Over,3500
1999,University,65 Years & Over,3900
2000,University,65 Years & Over,3300
2001,University,65 Years & Over,4000
2002,University,65 Years & Over,4200
2003,University,65 Years & Over,5700
2004,University,65 Years & Over,7500
2005,University,65 Years & Over,6600
2006,University,65 Years & Over,10400
2007,University,65 Years & Over,9400
2008,University,65 Years & Over,10500
2009,University,65 Years & Over,11900
2010,University,65 Years & Over,12700
2011,University,65 Years & Over,16300
2012,University,65 Years & Over,16800
2013,University,65 Years & Over,18200
2014,University,65 Years & Over,24500
2015,University,65 Years & Over,24500
2016,University,65 Years & Over,27900
2017,University,65 Years & Over,31900
2018,University,65 Years & Over,35000
2019,University,65 Years & Over,39200
